Date,Open,High,Low,Close,Volume,Dividends,Stock Splits,return,ma_5,ma_20,volatility,target
2024-08-21 00:00:00-04:00,418.27090283610073,420.5591305026096,415.943244764668,418.3301086425781,16067300,0.0,0.0,-0.0015536989412034963,416.2135009765625,408.1172790527344,0.007393414182868906,0
2024-08-22 00:00:00-04:00,418.5470440541718,420.94378045645306,408.9306008917766,409.8577270507813,19361900,0.0,0.0,-0.020252861117954213,415.13250732421875,408.01385192871095,0.011514741326886305,1
2024-08-23 00:00:00-04:00,411.2681797994915,413.51694694228206,406.4451490290269,411.0807800292969,18493800,0.0,0.0,0.002984091546391676,414.8011108398438,407.6333938598633,0.011536142019239548,0
2024-08-26 00:00:00-04:00,410.6665432369522,411.5640816346128,405.7054455704439,407.8259887695313,13152800,0.0,0.0,-0.007917643971419919,413.21513671875,407.01832427978513,0.010866195172465483,1
2024-08-27 00:00:00-04:00,407.2046168469379,408.68406980179446,404.6303831532702,408.1712036132813,13492900,0.0,0.0,0.0008464758334592037,411.05316162109375,406.60806732177736,0.009364917108750955,0
2024-08-28 00:00:00-04:00,409.1970187430477,409.3153701787374,401.73070464625647,404.97564697265625,14882700,0.0,0.0,-0.007828961505213505,408.3822692871094,406.2629989624023,0.009176244004598466,1
2024-08-29 00:00:00-04:00,409.2561670075729,416.26875999773983,404.97561980648,407.4610900878906,17045200,0.0,0.0,0.0061372656203255715,407.90294189453124,406.1032409667969,0.006414636291904099,1
2024-08-30 00:00:00-04:00,409.9071423073679,411.7712375496905,406.4846729539212,411.4260559082031,24308300,0.0,0.0,0.009730906623396152,407.9719970703125,406.5660629272461,0.008013541622736134,0
2024-09-03 00:00:00-04:00,412.1854296938012,414.1284456363182,401.45446023053216,403.8314514160156,20313600,0.0,0.0,-0.01845922100247821,407.1730895996094,407.3058349609375,0.011366376514904917,0
2024-09-04 00:00:00-04:00,400.3498254636215,405.6068015782242,398.830912042889,403.2988586425781,15135800,0.0,0.0,-0.0013188491673196134,406.19862060546876,407.79942932128904,0.01127576217216332,0
2024-09-05 00:00:00-04:00,402.0363656944642,407.4413108082968,400.56678553175374,402.79583740234375,14195500,0.0,0.0,-0.0012472667091779632,405.7626586914063,408.3259567260742,0.010852133211734895,0
2024-09-06 00:00:00-04:00,403.4566466739337,405.02486305915306,395.3097834719027,396.1974792480469,19609500,0.0,0.0,-0.016381396086042277,403.5099365234375,408.31286468505857,0.011767415668818596,1
2024-09-09 00:00:00-04:00,401.661551995308,403.0522412027111,396.641279237834,400.1623840332031,15295100,0.0,0.0,0.010007395283486709,401.2572021484375,408.33409271240237,0.011857394680100814,1
2024-09-10 00:00:00-04:00,402.6084339185776,410.6270428090768,402.1152829853601,408.5262451171875,19594300,0.0,0.0,0.020901167670198673,402.1961608886719,408.73462677001953,0.013964585540510305,1
2024-09-11 00:00:00-04:00,409.80842324527,418.1821164133012,403.9695029843538,417.2451477050781,19266900,0.0,0.0,0.021342331593382946,404.98541870117185,409.21667327880857,0.01598958969029155,1
2024-09-12 00:00:00-04:00,417.51148327493246,421.5158668532968,414.000250680106,421.1509399414063,17395700,0.0,0.0,0.009360905112523632,408.65643920898435,409.75371704101565,0.015324169544773537,1
2024-09-13 00:00:00-04:00,419.9969653323754,425.9147773030141,419.63203841011375,424.6917724609375,15874600,0.0,0.0,0.008407514227615875,414.3552978515625,410.2251708984375,0.006524451408850198,1
2024-09-16 00:00:00-04:00,424.7016342113202,427.5914917589124,422.3542307072933,425.4314880371094,13834700,0.0,0.0,0.001741770441855861,419.40911865234375,410.8598571777344,0.008529315769120409,1
2024-09-17 00:00:00-04:00,434.1997314507894,435.79753584231287,426.3487460190464,429.1893005371094,18874200,0.0,0.0,0.008832943977273855,423.54172973632814,411.53152923583986,0.007091077632684043,0
2024-09-18 00:00:00-04:00,429.041298505566,430.05718819229855,424.5141766919007,424.90869140625,18898000,0.0,0.0,-0.00997370886343718,425.0744384765625,411.8279098510742,0.00823643153742715,1
2024-09-19 00:00:00-04:00,435.18597071101885,435.45226137137865,430.9152668977704,432.6807556152344,21706600,0.0,0.0,0.018291139640524756,427.3804016113281,412.54544219970705,0.010449011149095275,0
2024-09-20 00:00:00-04:00,431.2309179323644,433.2232369345761,428.2720122322932,429.3076171875,55167100,0.0,0.0,-0.00779590583578893,428.30357055664064,413.51793670654297,0.011739316032368182,0
2024-09-23 00:00:00-04:00,428.33121902605126,430.4813501002658,424.4945200082598,427.57177734375,15128900,0.0,0.0,-0.004043347413963727,428.73162841796875,414.3424865722656,0.012078335573772069,0
2024-09-24 00:00:00-04:00,427.0687217553129,427.4139334394583,420.2632446802758,423.2911987304688,17015800,0.0,0.0,-0.010011368476829485,427.5520080566406,415.1157470703125,0.01198711298933187,1
2024-09-25 00:00:00-04:00,423.9421203870516,427.18706197372046,422.6994004960537,426.1908874511719,13396400,0.0,0.0,0.006850340213545136,427.808447265625,416.01673126220703,0.01179702617014972,0
2024-09-26 00:00:00-04:00,429.1301061037402,429.3372210826113,423.251754987828,425.4018859863281,14492000,0.0,0.0,-0.0018512865668300904,426.35267333984376,417.0380432128906,0.0065366592869200045,0
2024-09-27 00:00:00-04:00,425.6090087464783,425.9345052473445,421.61449786891575,422.1569519042969,14896100,0.0,0.0,-0.007627925942330083,424.92254028320315,417.77283630371096,0.00650859837656391,1
2024-09-30 00:00:00-04:00,422.3443332995087,424.52408219664926,419.5432394814415,424.40570068359375,16807300,0.0,0.0,0.005326807409313128,424.28932495117186,418.4218185424805,0.007524041327951474,0
2024-10-01 00:00:00-04:00,422.5810808985996,422.6106687530044,413.07311568923785,414.9273681640625,19092900,0.0,0.0,-0.022333188513406932,422.61655883789064,418.9766143798828,0.011817119237705951,0
2024-10-02 00:00:00-04:00,416.7914343529988,417.0281672714042,411.0018471451832,411.4161071777344,16582300,0.0,0.0,-0.008462350897373905,419.66160278320314,419.3824768066406,0.010199244090766996,0
2024-10-03 00:00:00-04:00,411.90926344701154,413.8029462214933,408.61501874387466,410.8341979980469,13686400,0.0,0.0,-0.0014144054390075045,416.74806518554686,419.7843948364258,0.010255981996214875,0
2024-10-04 00:00:00-04:00,412.5109097932594,414.00023534021534,409.28571331626097,410.36077880859375,19169700,0.0,0.0,-0.001152336372580609,414.3888305664062,420.4925598144531,0.010546189270757088,0
2024-10-07 00:00:00-04:00,410.3015860064157,411.3963666559109,403.3974727803463,403.9300842285156,20919800,0.0,0.0,-0.015670831405351304,410.2937072753906,420.6809448242187,0.009198326531080625,1
2024-10-08 00:00:00-04:00,405.27145839926953,409.966265233936,402.578873384896,409.0292663574219,19229300,0.0,0.0,0.01262392262424683,409.1140869140625,420.70609588623046,0.010491084552371074,1
2024-10-09 00:00:00-04:00,410.1634881099829,414.6215919010832,408.62485957486433,411.7415771484375,14974300,0.0,0.0,0.006631092232519009,409.17918090820314,420.43091735839846,0.01063051207512443,0
2024-10-10 00:00:00-04:00,409.54216908706456,411.6331244028535,407.49064417755886,410.143798828125,13848400,0.0,0.0,-0.003880536746806329,409.0411010742188,419.88056030273435,0.010780497063704415,1
2024-10-11 00:00:00-04:00,410.4397214022164,411.4161507329335,407.5892942253079,410.61724853515625,14144900,0.0,0.0,0.0011543505189741676,409.09239501953124,419.1768341064453,0.010783710194906537,1
2024-10-14 00:00:00-04:00,412.0473312101826,418.2314633461143,411.80075573680847,413.3985900878906,16653100,0.0,0.0,0.006773562393339816,410.98609619140626,418.5751892089844,0.0062651169025125944,0
2024-10-15 00:00:00-04:00,416.3969398711013,416.69284850861214,409.57174739931537,413.0040588378906,18900200,0.0,0.0,-0.0009543604150079599,411.7810546875,417.76592712402345,0.004696881168532583,0
2024-10-16 00:00:00-04:00,409.4829836231505,410.65665522282575,404.85722518493617,410.4199523925781,15508900,0.0,0.0,-0.006256854842016879,411.5167297363281,417.04149017333987,0.005008225704200023,1
2024-10-17 00:00:00-04:00,416.5744456758898,416.712542386237,409.8971928147913,411.01171875,14820000,0.0,0.0,0.0014418557235633678,411.6903137207031,415.9580383300781,0.004701589792895292,1
2024-10-18 00:00:00-04:00,411.4260201751563,413.90161766396704,410.5580696214905,412.4320373535156,17145300,0.0,0.0,0.0034556644950056725,412.053271484375,415.11425933837893,0.0048985371662684865,1
2024-10-21 00:00:00-04:00,410.4199513395574,413.2210451886365,408.0824205982212,413.0435180664063,14206100,0.0,0.0,0.001482621759488989,411.9822570800781,414.3878463745117,0.003746319262560489,1
2024-10-22 00:00:00-04:00,412.75749822543423,424.68188532771023,412.3136804024992,421.6539611816406,25482200,0.0,0.0,0.02084633395421065,413.7122375488281,414.3059844970703,0.010024864119055739,0
2024-10-23 00:00:00-04:00,424.9580432083023,425.17503084101816,416.742161218674,418.7838134765625,19654400,0.0,0.0,-0.006806879501463303,415.385009765625,413.93563079833984,0.010170176946713497,1
2024-10-24 00:00:00-04:00,419.5038054447286,420.1449258075998,416.6139478842,418.91204833984375,13581600,0.0,0.0,0.00030620778347834055,416.96507568359374,413.61113891601565,0.010256250065079608,1
2024-10-25 00:00:00-04:00,420.9142122484759,426.5952907757042,420.7268124778327,422.28515625,16899100,0.0,0.0,0.008052067071176339,418.9356994628906,413.61754913330077,0.010416054064152844,0
2024-10-28 00:00:00-04:00,425.74710969864265,426.0232730447796,420.46051551603273,420.7465515136719,14882400,0.0,0.0,-0.0036435207668470415,420.47630615234374,413.43459167480466,0.011054003473687969,1
2024-10-29 00:00:00-04:00,422.1372070838931,427.2364010768137,419.967330895513,426.0331115722656,17644100,0.0,0.0,0.012564713934255511,421.3521362304688,413.98987884521483,0.008069625357421908,1
2024-10-30 00:00:00-04:00,431.4479095602445,432.4933871760131,426.1810609771617,426.6051635742188,29749100,0.0,0.0,0.001342740708209389,422.91640625,414.74933166503905,0.006490809813964284,0
2024-10-31 00:00:00-04:00,409.67040499598727,410.459464695632,400.734510831916,400.7838439941406,53971000,0.0,0.0,-0.060527442667922426,419.2907653808594,414.24681396484374,0.02976993521171872,1
2024-11-01 00:00:00-04:00,403.40742291737325,409.8085137774928,401.9180971463978,404.748779296875,24230400,0.0,0.0,0.009892951929450389,415.7834899902344,413.9662139892578,0.030035128075102606,0
2024-11-04 00:00:00-05:00,404.1865091063775,404.7980415718176,400.01447130701087,402.8648681640625,19672300,0.0,0.0,-0.004654519616057118,412.2071533203125,413.91295318603517,0.03000122799521019,1
2024-11-05 00:00:00-05:00,402.7760918050739,409.2166418436789,402.4900558335031,405.8237609863281,17626000,0.0,0.0,0.00734462857421625,408.165283203125,413.75267791748047,0.029174090808598285,1
2024-11-06 00:00:00-05:00,406.77063429083336,414.6906371773605,404.8966366405916,414.42431640625,26681800,0.0,0.0,0.021192833556662016,405.72911376953124,413.8868148803711,0.03218329171804223,1
2024-11-07 00:00:00-05:00,415.5092700597973,421.0029789570154,414.1284533970031,419.6024169921875,19901800,0.0,0.0,0.01249468330150183,409.4928283691406,414.35974578857423,0.009361338734491284,0
2024-11-08 00:00:00-05:00,419.4939629624982,420.6577920683621,416.00244554535874,416.7520446777344,16891400,0.0,0.0,-0.006793031210080458,411.8934814453125,414.66648559570314,0.011746883119924272,0
2024-11-11 00:00:00-05:00,416.7322894657105,418.990929361184,410.301611581567,412.2840881347656,24503300,0.0,0.0,-0.010720898913462396,413.77732543945314,414.6107604980469,0.013319708425202513,1
2024-11-12 00:00:00-05:00,412.5208290064088,418.6260410534634,411.4852239022795,417.2353515625,19401200,0.0,0.0,0.012009348820941845,416.0596435546875,414.8223251342773,0.013708620821368853,1
2024-11-13 00:00:00-05:00,415.8643474786666,423.4489813965326,412.4813090867046,419.3755798339844,21502200,0.0,0.0,0.005129546821642572,417.0498962402344,415.27010650634764,0.010704667084156051,1
2024-11-14 00:00:00-05:00,419.1783248352984,422.30491523139983,414.24681513135374,421.0424499511719,30246900,0.0,0.0,0.003974647541107101,417.33790283203126,415.7716430664062,0.009284746044881319,0
2024-11-15 00:00:00-05:00,414.0692284770669,417.0083885743586,407.9738905831812,409.3152465820313,28247600,0.0,0.0,-0.027852781520012027,415.8505432128906,415.61580352783204,0.01593799207971679,1
2024-11-18 00:00:00-05:00,409.1871181522339,412.6687631122976,406.4550723664268,410.06494140625,24727000,0.0,0.0,0.0018315829436577058,415.4067138671875,415.46687469482424,0.015497174346997135,1
2024-11-19 00:00:00-05:00,407.4511920626241,412.2150474297726,405.9125633985823,412.0671081542969,18133500,0.0,0.0,0.004882560165179628,414.37306518554686,414.987532043457,0.014283872314678344,0
2024-11-20 00:00:00-05:00,411.1596548604422,411.5739148887647,404.9558076834049,409.7985534667969,19191700,0.0,0.0,-0.00550530397260085,412.45765991210936,414.53826904296875,0.013659230738054182,0
2024-11-21 00:00:00-05:00,414.5818472703372,414.85856338751086,405.47983232208855,408.0295715332031,20780200,0.83,0.0,-0.004316711024547559,409.85508422851564,413.99414520263673,0.012847193100573988,1
2024-11-22 00:00:00-05:00,406.547145598137,412.50644943843054,406.2407824115055,412.1111450195313,24814600,0.0,0.0,0.010003131564683798,410.4142639160156,413.4854446411133,0.006455427477048539,1
2024-11-25 00:00:00-05:00,413.4749606494442,416.143288030705,409.9863472135053,413.8801574707031,27691100,0.0,0.0,0.004292561539649631,411.17730712890625,413.14212493896486,0.006590953011837222,1
2024-11-26 00:00:00-05:00,414.6707766023476,424.0099980685231,413.93946191933657,422.9722900390625,23458900,0.0,0.0,0.021968032060109,413.35834350585935,412.9890838623047,0.011293723000543033,0
2024-11-27 00:00:00-05:00,420.1260548953634,422.2212256438805,417.07228524559736,418.0309143066406,18332400,0.0,0.0,-0.011682504619783818,415.00481567382815,412.5603713989258,0.012981409758849538,1
2024-11-29 00:00:00-05:00,415.1649061905191,419.89875718802,412.9017454606376,418.4953918457031,16271900,0.0,0.0,0.0011111081098700293,417.0979797363281,413.4459487915039,0.012316447167818488,1
2024-12-02 00:00:00-05:00,416.6275643373692,427.9235529659965,416.370602899235,425.92724609375,20207200,0.0,0.0,0.017758509156504454,419.8611999511719,414.50487213134767,0.013512501891045043,1
2024-12-03 00:00:00-05:00,424.8005821824231,427.3997530713115,422.7251964040861,426.1446533203125,18302000,0.0,0.0,0.0005104327759173355,422.31409912109376,415.66886138916016,0.013783375853016007,1
2024-12-04 00:00:00-05:00,427.953201459916,434.5153692878957,427.5578970490266,432.291748046875,26009400,0.0,0.0,0.014424901682251079,424.17799072265626,416.9922607421875,0.011869476819404362,1
2024-12-05 00:00:00-05:00,432.7859063083414,439.4468779302167,431.0564230401268,437.4307861328125,21697800,0.0,0.0,0.011887893093393664,428.05796508789064,418.1425842285156,0.007884990924908585,1
2024-12-06 00:00:00-05:00,437.1144989799139,440.8699661871766,436.5907138628753,438.36962890625,18821000,0.0,0.0,0.0021462658852557936,432.0328125,419.08094482421876,0.007631025353791844,1
2024-12-09 00:00:00-05:00,437.411066762434,443.0738702753144,435.3356806411524,440.79095458984375,19144400,0.0,0.0,0.0055234795568184225,435.00555419921875,420.2828903198242,0.0060585183592640314,0
2024-12-10 00:00:00-05:00,439.1800467406791,444.34871163189086,436.4227478753231,438.1324462890625,18469500,0.0,0.0,-0.006031222449324081,437.4031127929687,421.57530822753904,0.008133810386938039,1
2024-12-11 00:00:00-05:00,438.8440180787416,445.0701760009867,438.8440180787416,443.7261047363281,19200200,0.0,0.0,0.012767049084456916,439.6899841308594,422.8998458862305,0.007706185993852691,1
2024-12-12 00:00:00-05:00,443.8446618873549,450.8120264425983,443.8446618873549,444.2893981933594,20834800,0.0,0.0,0.001269462064590332,441.06170654296875,424.1455368041992,0.006836641446775941,0
2024-12-13 00:00:00-05:00,443.1825720342727,446.13750815775296,440.3560864798084,442.0262756347656,20177800,0.0,0.0,-0.0050938027506315375,441.79303588867185,425.1947280883789,0.007797606119049476,1
2024-12-16 00:00:00-05:00,442.02626356510217,446.8787030896928,440.0596036741231,446.2956237792969,23598800,0.0,0.0,0.009658584522832525,442.8939697265625,427.0437469482422,0.008494387376450566,1
2024-12-17 00:00:00-05:00,445.72242348242105,449.95224407864544,444.2993034538041,449.1319580078125,22733500,0.0,0.0,0.006355281292021564,445.0938720703125,428.9970977783203,0.007065189995917284,0
2024-12-18 00:00:00-05:00,446.0287948744165,447.3431888706938,431.8964279723808,432.2621154785156,24444500,0.0,0.0,-0.037560993441939416,442.80107421875,430.00684814453126,0.018995540023606948,0
2024-12-19 00:00:00-05:00,436.44249480171817,437.9842031344139,431.2046434354816,431.90631103515625,22963700,0.0,0.0,-0.0008231219684045055,440.3244567871094,431.1122360229492,0.018843272046104066,0
2024-12-20 00:00:00-05:00,428.0322496423796,438.5376294710308,423.6047919913248,431.4813537597656,64263700,0.0,0.0,-0.0009839107800303504,438.21547241210936,432.28482513427736,0.01895434206494426,0
2024-12-23 00:00:00-05:00,431.6197693083459,432.5191043348879,427.7556054663108,430.1472473144531,19152500,0.0,0.0,-0.003091921432264888,434.9857971191406,433.18663024902344,0.01733287361358697,1
2024-12-24 00:00:00-05:00,429.5542568118305,434.4462362082623,429.0996581913301,434.1793823242188,7164500,0.0,0.0,0.009373848222764547,431.9952819824219,434.2015914916992,0.017964999669429403,0
2024-12-26 00:00:00-05:00,433.9322618472237,435.7704710980457,431.51100346947777,432.9736328125,8194200,0.0,0.0,-0.0027770768507345833,432.13758544921876,434.70165863037107,0.005152918057676295,0
2024-12-27 00:00:00-05:00,429.5048044431988,430.1175308072659,421.35152651661633,425.4825134277344,18117700,0.0,0.0,-0.017301560226901103,430.8528259277344,435.0742385864258,0.009509993156721047,0
2024-12-30 00:00:00-05:00,421.0649864251654,422.5375084206725,416.9537535106653,419.8493957519531,13158700,0.0,0.0,-0.013239363541406757,428.52643432617185,435.1419387817383,0.010411244403717362,0
2024-12-31 00:00:00-05:00,421.1044562623139,421.727075036825,415.72823181420273,416.5583801269531,13246500,0.0,0.0,-0.007838562251842207,425.80866088867185,434.6734954833984,0.01036364785801998,0
2025-01-02 00:00:00-05:00,420.5411385593524,421.0748161119684,409.98635677531166,413.672607421875,16896500,0.0,0.0,-0.006927654904454572,421.7073059082031,434.0498931884766,0.005686693897588295,1
2025-01-03 00:00:00-05:00,416.1432822085411,419.0587087344669,414.6213587468145,418.3866882324219,16662900,0.0,0.0,0.011395680366477201,418.7899169921875,433.3546401977539,0.010999139665169987,1
2025-01-06 00:00:00-05:00,422.982189246928,429.2281017096726,420.4917442238413,422.8339538574219,20573600,0.0,0.0,0.010629558133860684,418.260205078125,432.6247985839844,0.011406273999528382,0
2025-01-07 00:00:00-05:00,423.9704579117962,425.6011074871905,415.8665816173968,417.4181823730469,18139100,0.0,0.0,-0.012808270090346574,417.7739624023437,431.57722625732424,0.011293554003997688,1
2025-01-08 00:00:00-05:00,418.4953792965591,421.96423797941225,416.59790611740993,419.5824890136719,15054600,0.0,0.0,0.005184984104719126,418.3787841796875,430.5168029785156,0.010846707536522,0
2025-01-10 00:00:00-05:00,419.6516698476812,419.7307186624862,410.1543211903234,414.0382690429688,20201100,0.0,0.0,-0.013213659091770191,418.45191650390626,429.3120941162109,0.01232987488127125,0
2025-01-13 00:00:00-05:00,410.3717995418403,413.593589604229,407.45640284839305,412.2989501953125,17604800,0.0,0.0,-0.004200864938588067,417.2343688964844,427.74073638916013,0.010661283428375405,0
2025-01-14 00:00:00-05:00,412.9116174937191,414.8189830478335,405.9047438597477,410.7967224121094,16935900,0.0,0.0,-0.003643540160583658,414.82692260742186,426.0661026000977,0.007614711271788692,1
2025-01-15 00:00:00-05:00,414.2161960548363,423.13043625280113,413.3662628653434,421.31201171875,19637800,0.0,0.0,0.02559730575477115,415.6056884765625,425.0303894042969,0.01473700653818835,0
2025-01-16 00:00:00-05:00,423.6739873785901,424.45470380326,419.4145196873236,419.6022644042969,15300000,0.0,0.0,-0.004058149938517497,415.6096435546875,423.6957214355469,0.01480850929975656,1
2025-01-17 00:00:00-05:00,429.0007970548674,429.386239236107,423.1502190446997,424.0001220703125,26197500,0.0,0.0,0.010481015092373758,417.6020141601563,422.4391296386719,0.013186844209595898,0
2025-01-21 00:00:00-05:00,425.1564304696716,425.8482057091823,420.6103539480181,423.4763488769531,26085700,0.0,0.0,-0.0012353137796325964,419.8374938964844,421.9998413085938,0.012737871563503847,1
2025-01-22 00:00:00-05:00,432.430120920086,442.0262741390286,430.888412499157,440.9688415527344,27803800,0.0,0.0,0.04130689405009469,425.8719177246094,422.45296783447264,0.019038669194429293,1
2025-01-23 00:00:00-05:00,436.81806704057095,441.5123788470024,436.3239289556834,441.4728393554688,18389300,0.0,0.0,0.0011429329132637278,429.9040832519531,422.9525421142578,0.018584590977195253,0
2025-01-24 00:00:00-05:00,439.94102216929423,441.4135440071518,436.225094129831,438.8539123535156,15549500,0.0,0.0,-0.005932249435269266,433.75441284179686,423.38787536621095,0.01894254150398133,0
2025-01-27 00:00:00-05:00,419.0389997051121,430.09781275609777,418.53496919379126,429.4653015136719,35647800,0.0,0.0,-0.021393476452092886,434.8474487304687,423.1521713256836,0.02325609880977406,1
2025-01-28 00:00:00-05:00,429.5048368170429,443.1232814648123,426.3225862891417,441.9571228027344,23491700,0.0,0.0,0.02908691632370397,438.543603515625,423.6013458251953,0.02576608283721699,0
2025-01-29 00:00:00-05:00,441.4530954449331,441.6408703345489,435.2368297408556,437.1441955566406,23581400,0.0,0.0,-0.010890032081781742,437.77867431640624,424.18442993164064,0.01901358242166234,0
2025-01-30 00:00:00-05:00,413.8604081236296,417.90245411076046,408.3161931892364,410.1247253417969,54586300,0.0,0.0,-0.06180905634681555,431.50905151367186,423.6981964111328,0.03267811305065207,1
2025-01-31 00:00:00-05:00,414.06796458574274,415.7579084081136,410.0456732964256,410.1939086914063,34161900,0.0,0.0,0.00016868856066110105,425.77705078125,423.37997283935545,0.03317357367194538,0
2025-02-03 00:00:00-05:00,406.774468051233,410.5397977577241,403.8689337668832,406.1024475097656,25679100,0.0,0.0,-0.009974456214362548,421.10447998046874,423.00146484375,0.03283985353743365,1
2025-02-04 00:00:00-05:00,407.8516865143663,409.0672770356713,404.9362598096777,407.5354309082031,20532100,0.0,0.0,0.003528625368363514,414.2201416015625,422.4589019775391,0.0264739148562453,1
2025-02-05 00:00:00-05:00,407.5157200553288,408.978349611442,405.5885692928633,408.4447021484375,16316700,0.0,0.0,0.002231146475309087,408.48024291992186,421.7394393920898,0.027703471405922026,1
2025-02-06 00:00:00-05:00,409.1463374430024,413.2971094519946,409.1463374430024,410.9450073242188,16309800,0.0,0.0,0.006121526763915863,408.6442993164063,421.41578063964846,0.006195945617105324,0
2025-02-07 00:00:00-05:00,411.5972455590395,413.7417878303848,403.3154869234488,404.9461364746094,22886800,0.0,0.0,-0.014597746030958758,407.59474487304686,420.6839630126953,0.009155250685181228,1
2025-02-10 00:00:00-05:00,408.8597288843585,410.5892121947109,406.10246006462063,407.38720703125,20817900,0.0,0.0,0.006028136427951081,407.85169677734376,420.3514099121094,0.008691108425736508,0
2025-02-11 00:00:00-05:00,404.8374480391833,407.6540108795472,404.5014076146391,406.6163330078125,18140600,0.0,0.0,-0.0018922391526603466,407.6678771972656,420.06727905273436,0.008581587371125087,0
2025-02-12 00:00:00-05:00,402.435914112503,405.93442005448907,399.6292135248499,404.2444763183594,19121700,0.0,0.0,-0.005833156459574718,406.82783203125,419.7396667480469,0.008715102673412954,1
2025-02-13 00:00:00-05:00,402.2283921851393,406.1814967766394,401.5958809737979,405.7268981933594,23891700,0.0,0.0,0.0036671419446496767,405.7842102050781,418.96041107177734,0.008194422572047909,0
2025-02-14 00:00:00-05:00,403.00918147910807,404.11604605641566,401.121570217529,403.64166259765625,22758500,0.0,0.0,-0.00513950542837649,405.5233154296875,418.1623809814453,0.0052867252767128305,1
2025-02-18 00:00:00-05:00,403.2166455935164,405.78616946504144,401.7342314553049,404.8374328613281,21423100,0.0,0.0,0.002962455005205422,405.01336059570315,417.2042465209961,0.004429138336637444,1
2025-02-19 00:00:00-05:00,403.098050601273,410.6188170610077,402.8707362463259,409.9072570800781,24114200,0.0,0.0,0.012523111271893095,405.6715454101562,416.52579193115236,0.007518476979313511,1
2025-02-20 00:00:00-05:00,411.24414537664296,415.2249706128277,408.520936591177,412.0759582519531,23508700,0.83,0.0,0.005290711824239125,407.237841796875,415.0811477661133,0.006303378248426506,0
2025-02-21 00:00:00-05:00,413.27418223243296,413.97725680128366,403.9162642540701,404.2331237792969,27524800,0.0,0.0,-0.019032497081183597,406.9390869140625,413.2191619873047,0.01204097545400165,0
2025-02-24 00:00:00-05:00,404.5302202614153,405.381827456766,395.429748735741,400.0641479492188,26443700,0.0,0.0,-0.010313295929588961,406.223583984375,411.27967376708983,0.01272309699044576,0
2025-02-25 00:00:00-05:00,397.19236575081766,398.0043843099881,392.835237956153,394.0235290527344,29387400,0.0,0.0,-0.015099125796323998,404.06080322265626,409.507585144043,0.01359743094918859,1
2025-02-26 00:00:00-05:00,394.1325097993192,399.6680471786912,390.40913086553707,395.8357543945313,19619000,0.0,0.0,0.004599282043266983,401.2465026855469,407.20151672363284,0.011257442841230326,0
2025-02-27 00:00:00-05:00,397.3607146060961,401.78716793671936,388.3493932994261,388.7058715820313,21127400,0.0,0.0,-0.01801222535696867,396.5724853515625,404.7796005249023,0.00965234212090049,1
2025-02-28 00:00:00-05:00,388.8346033379453,393.7561854578909,382.80393739721217,393.1224060058594,32845700,0.0,0.0,0.01136215001294616,394.350341796875,403.92948455810546,0.012827647361896913,0
2025-03-03 00:00:00-05:00,394.93461038215554,394.93461038215554,382.3979434098108,384.7052307128906,23007700,0.0,0.0,-0.02141108002082004,391.2785583496094,402.65505065917966,0.014694556197938422,1
2025-03-04 00:00:00-05:00,379.6647713089992,388.7553291476876,377.2881590284634,384.8240051269531,29342900,0.0,0.0,0.00030874135462721775,389.43865356445315,401.59112854003905,0.014370179847923506,1
2025-03-05 00:00:00-05:00,385.54695570418704,397.7568509049982,385.0221202960428,397.1131591796875,23433100,0.0,0.0,0.03193447885009193,389.6941345214844,401.0700149536133,0.021956669774073873,0
2025-03-06 00:00:00-05:00,390.438848896208,398.2321730411984,388.8544303529959,393.0234375,23304600,0.0,0.0,-0.010298630466277103,390.5576477050781,400.29895172119143,0.02052559077482008,0
2025-03-07 00:00:00-05:00,388.497925986767,390.9537458547577,381.7839796807534,389.478271484375,22034100,0.0,0.0,-0.009020240721967165,389.8288208007813,399.2256149291992,0.020318478165478635,0
2025-03-10 00:00:00-04:00,382.08104715568106,382.6355890788174,373.5450301742595,376.4563903808594,32840100,0.0,0.0,-0.03343416579797065,388.179052734375,397.8011276245117,0.023669842197077896,1
2025-03-11 00:00:00-04:00,375.3076750122287,382.23947903620126,373.2380400086461,376.7435607910156,30380200,0.0,0.0,0.0007628251704419053,386.5629638671875,396.2689453125,0.023691856889440113,1
2025-03-12 00:00:00-04:00,379.2192427611773,381.4671171244127,375.2582114968026,379.5361022949219,24253600,0.0,0.0,0.007412313824403549,383.04755249023435,394.9149337768555,0.015518992198075168,0
2025-03-13 00:00:00-04:00,379.42714079198,381.5661010325616,373.7727778338423,375.0798950195313,20473000,0.0,0.0,-0.011741194707026392,379.4588439941407,393.4567047119141,0.015564475160580103,1
2025-03-14 00:00:00-04:00,376.08007458561946,386.4282798172616,375.8127158813028,384.7745361328125,19952800,0.0,0.0,0.025846869539025485,378.5180969238281,392.4090866088867,0.022104324278043642,1
2025-03-17 00:00:00-04:00,382.9327228246585,388.884151955574,381.8137266185015,384.9132385253906,22474300,0.0,0.0,0.00036047705747921377,380.2094665527344,391.47266540527346,0.01377538520074002,0
2025-03-18 00:00:00-04:00,383.2990942137215,383.5961594658576,377.38725393405446,379.7836608886719,19486900,0.0,0.0,-0.013326581482025035,380.81748657226564,390.2199768066406,0.015999683491167548,1
2025-03-19 00:00:00-04:00,381.7740797920575,385.8836435250732,380.2589866011294,384.0417785644531,19185500,0.0,0.0,0.01121195594833524,381.7186218261719,388.92670288085935,0.01642284956505411,0
2025-03-20 00:00:00-04:00,381.98202996781214,387.97310772514027,379.5460042678497,383.0713195800781,18470500,0.0,0.0,-0.002526962009192224,383.31690673828126,387.4764709472656,0.01487334430403057,1
2025-03-21 00:00:00-04:00,379.4865916093534,387.9235771034519,379.07067004050685,387.4482727050781,39675900,0.0,0.0,0.011425948384227835,383.8516540527344,386.63722839355466,0.01037019485892471,1
2025-03-24 00:00:00-04:00,391.5479241245079,391.5479241245079,386.012386704804,389.2505187988281,21004500,0.0,0.0,0.0046515785995562275,384.7191101074219,386.09654693603517,0.010437008730331408,1
2025-03-25 00:00:00-04:00,390.0823622267607,392.4985634335279,388.8148334634192,391.3102722167969,15775000,0.0,0.0,0.0052915881122646,387.02443237304686,385.9608840942383,0.005736592714761553,0
2025-03-26 00:00:00-04:00,391.1518329523951,391.45881045430576,384.7844825194778,386.17083740234375,16108400,0.0,0.0,-0.013133912343619047,387.450244140625,385.4776382446289,0.009388274237925294,1
2025-03-27 00:00:00-04:00,386.3292434732889,388.4186727261189,383.6258290580385,386.77484130859375,13766800,0.0,0.0,0.001564084720412806,388.1909484863281,385.381086730957,0.009164212898063927,0
2025-03-28 00:00:00-04:00,384.299272272696,385.3390611991498,373.2579027392892,375.1096801757813,21632000,0.0,0.0,-0.030160082525908738,385.7232299804688,384.48045043945314,0.015265445202975252,0
2025-03-31 00:00:00-04:00,368.9106389436448,373.3965054432232,363.6622546184452,371.7328796386719,35184700,0.0,0.0,-0.009002168473836836,382.2197021484375,383.8318328857422,0.013970047412615986,1
2025-04-01 00:00:00-04:00,371.0000917512926,379.12021808448793,369.59394254927554,378.4666442871094,19689500,0.0,0.0,0.01811452528757429,379.6509765625,383.51396484375,0.0178953254995571,0
2025-04-02 00:00:00-04:00,374.2877261088344,381.3284442645314,372.95087209109226,378.4171142578125,16092600,0.0,0.0,-0.00013087026305891314,378.10023193359376,382.57916259765625,0.017637483658960867,0
2025-04-03 00:00:00-04:00,371.13872318254886,373.80251903809335,365.7517184220645,369.4750671386719,30198000,0.0,0.0,-0.023630134003528425,374.64027709960936,381.40174407958983,0.019207040019116293,0
2025-04-04 00:00:00-04:00,360.5825648601157,370.9406526219325,355.97787229621173,356.3343505859375,49209900,0.0,0.0,-0.035565908829789494,370.8852111816406,379.74454803466796,0.020785866364145134,0
2025-04-07 00:00:00-04:00,347.4616169780088,367.3855965143818,341.4309513786386,354.37359619140625,50425000,0.0,0.0,-0.005502569121688894,367.4133544921875,378.6404083251953,0.02088834055202184,0
2025-04-08 00:00:00-04:00,364.6723167446661,370.0097901278565,346.83776558065426,351.10577392578125,35868900,0.0,0.0,-0.009221404474671901,361.94118041992186,377.35851898193357,0.014508101481307706,1
2025-04-09 00:00:00-04:00,350.09575274548115,389.3990874327872,349.6600368937789,386.6857604980469,50199700,0.0,0.0,0.10133694520155268,363.59490966796875,377.7160018920898,0.054903252493509344,0
2025-04-10 00:00:00-04:00,378.3378706780709,380.1599412978202,364.2167855996792,377.6347961425781,38024400,0.0,0.0,-0.023406510609056852,365.22685546875,377.8437469482422,0.05487369045174484,1
2025-04-11 00:00:00-04:00,376.9317385159016,386.2500376969061,375.1987873888056,384.6656494140625,23839200,0.0,0.0,0.01861812879348612,370.893115234375,377.8383026123047,0.049849613313499554,0
2025-04-14 00:00:00-04:00,389.38915847164185,390.8052198187617,380.4669263634922,384.0318603515625,19251200,0.0,0.0,-0.0016476362354305163,376.82476806640625,377.79423370361326,0.04945510288610699,0
2025-04-15 00:00:00-04:00,384.7250528209778,388.0721288920929,380.4174255118224,381.9721374511719,17199900,0.0,0.0,-0.0053634167188759685,382.9980407714844,377.9036575317383,0.048968775027177676,0
2025-04-16 00:00:00-04:00,376.9614484928254,377.892263018399,364.4148689208335,367.98968505859375,21967800,0.0,0.0,-0.036605948501585495,379.2588256835937,377.10105285644534,0.021197639270073444,0
2025-04-17 00:00:00-04:00,370.1088619054277,370.6733161182554,363.3157077351141,364.197021484375,21120200,0.0,0.0,-0.01030643990364799,376.57127075195314,376.15733795166017,0.019843391935014186,0
2025-04-21 00:00:00-04:00,359.28536510699473,360.9291967860095,352.2050274305898,355.62139892578125,20807300,0.0,0.0,-0.023546657585615804,370.7624206542969,374.5659942626953,0.014420653163021534,1
2025-04-22 00:00:00-04:00,359.8398792058524,364.18709517298703,356.3541524572501,363.2463684082031,19485000,0.0,0.0,0.021441256081480065,366.605322265625,373.2657867431641,0.02178126389253858,1
2025-04-23 00:00:00-04:00,372.3963282706759,376.68416126561135,369.3859362391119,370.74261474609375,20545500,0.0,0.0,0.020636810137263595,364.3594177246094,372.2374038696289,0.026101593079114027,1
2025-04-24 00:00:00-04:00,372.0398293104223,384.6656149627633,371.53478821384334,383.52679443359375,22232300,0.0,0.0,0.03448262805249769,367.4668395996094,372.1052017211914,0.024344080670479846,1
2025-04-25 00:00:00-04:00,383.229805420361,388.3395397857319,380.8531925160722,388.0325622558594,18973200,0.0,0.0,0.011748247808656798,372.23394775390625,372.1680877685547,0.021956165101425083,0
2025-04-28 00:00:00-04:00,388.1414373128656,388.9138371850431,382.8732888048125,387.3492431640625,16579400,0.0,0.0,-0.0017609838922392207,378.5795166015625,372.7800659179687,0.013394678140513082,1
2025-04-29 00:00:00-04:00,387.48784509297593,391.2508426713115,386.5768248872523,390.201171875,14974000,0.0,0.0,0.00736268047832378,383.97047729492186,373.70348052978517,0.01378313047062231,1
2025-04-30 00:00:00-04:00,386.4976013857663,392.7956566127169,380.6947052715702,391.4093017578125,36461100,0.0,0.0,0.0030961718464534993,388.10381469726565,374.3506134033203,0.014058235862311506,1
2025-05-01 00:00:00-04:00,426.9100091091665,432.7327295827746,420.76051687113977,421.2556457519531,58938100,0.0,0.0,0.07625353781859867,395.6495849609375,376.49253997802737,0.032207744199053694,1
2025-05-02 00:00:00-04:00,427.533877248033,435.1588741169636,425.8009261614823,431.0393981933594,30757400,0.0,0.0,0.023225213810350143,404.2509521484375,379.57075653076174,0.031939289163195494,1
2025-05-05 00:00:00-04:00,428.652877068793,435.2182909345157,427.9002714913439,431.9207458496094,20136100,0.0,0.0,0.002044703245095647,413.1652526855469,383.35007629394534,0.03128090997942614,0
2025-05-06 00:00:00-04:00,427.9894209087166,433.46554517602334,426.9694566129341,429.0885925292969,15104200,0.0,0.0,-0.006557113423069083,420.94273681640624,387.08582611083983,0.033494492500460146,1
2025-05-07 00:00:00-04:00,429.61342097536215,433.8517229596541,426.9100064238295,429.1282043457031,23295300,0.0,0.0,9.231617222149602e-05,428.48651733398435,390.98694763183596,0.03388940829611538,1
2025-05-08 00:00:00-04:00,433.6635322101029,439.3476317599919,431.4156581886589,433.9012145996094,23491300,0.0,0.0,0.011122574106224858,431.0156311035156,393.34772033691405,0.011523605217119683,1
2025-05-09 00:00:00-04:00,435.7133964534002,436.4461774951318,431.6335394854884,434.4557800292969,15324200,0.0,0.0,0.001278091443462026,431.69890747070315,396.18876953125,0.006320449709710021,1
2025-05-12 00:00:00-04:00,441.5955462250109,444.9921230759706,435.4955548202822,444.8832092285156,22821900,0.0,0.0,0.024001128949223682,434.29140014648436,399.1996475219727,0.011886535041761742,0
2025-05-13 00:00:00-04:00,443.4176379697952,446.2794975271711,441.021200788799,444.764404296875,23618800,0.0,0.0,-0.0002670474613925,437.4265625,402.2362747192383,0.01047615361410589,1
2025-05-14 00:00:00-04:00,443.7741186799948,449.4779827199474,443.7741186799948,448.52734375,19902800,0.0,0.0,0.008460522957258299,441.3063903808594,405.5640350341797,0.009686375808308152,1
2025-05-15 00:00:00-04:00,447.1979313203889,452.5749946823822,446.8606292313704,449.5392456054688,21992300,0.83,0.0,0.00225605388293304,444.4339965820312,409.6415130615234,0.00998900068460394,1
2025-05-16 00:00:00-04:00,448.4678177382938,450.7595102326154,445.17414935289,450.6702270507813,23849800,0.0,0.0,0.002515868094651541,447.6768859863281,413.9651733398438,0.009821157138226205,1
2025-05-19 00:00:00-04:00,447.3070896149787,455.9480603525366,447.2277066057748,455.2337646484375,21336500,0.0,0.0,0.010126112895276762,449.7469970703125,418.94579162597654,0.004443133089256912,0
2025-05-20 00:00:00-04:00,451.9797952414424,454.7080036018212,450.719869916101,454.5393676757813,15441800,0.0,0.0,-0.0015253635089929052,451.7019897460938,423.5104415893555,0.004809548873135612,0
2025-05-21 00:00:00-04:00,450.967885651573,454.1524403651085,448.22974686474834,448.9837341308594,19216900,0.0,0.0,-0.012222557472479911,451.79326782226565,427.42249755859376,0.00814571400139796,1
2025-05-22 00:00:00-04:00,451.344898181628,456.6028878213618,450.3032004241896,451.2555847167969,18025600,0.0,0.0,0.005059984166988496,452.13653564453125,430.8089370727539,0.008412222452213812,0
2025-05-23 00:00:00-04:00,446.4142434023006,450.0948358464348,445.3527151156796,446.6126403808594,16883500,0.0,0.0,-0.01028894598357466,451.32501831054685,433.7379409790039,0.009618399438306063,1
2025-05-27 00:00:00-04:00,452.8627373552784,457.2973170522405,452.5055743512772,457.0393676757813,20974300,0.0,0.0,0.023346243147149393,451.68613891601564,437.22244720458986,0.01435629044477989,0
2025-05-28 00:00:00-04:00,457.56517641086623,458.8548627693229,453.3091629867606,453.7357482910156,17086300,0.0,0.0,-0.007228303770779876,451.5254150390625,440.3991760253906,0.014813815492665522,1
2025-05-29 00:00:00-04:00,457.8925712924165,458.0612374989779,451.702028016876,455.0453186035156,13974800,0.0,0.0,0.0028861960236381545,452.73773193359375,443.58097686767576,0.013220631033991619,1
2025-05-30 00:00:00-04:00,456.0770318895628,458.021491741184,451.93016282180776,456.7119445800781,34770500,0.0,0.0,0.0036625494394211255,453.82900390625,445.35379180908205,0.013174412377671094,1
2025-06-02 00:00:00-04:00,453.5174918780263,458.4480789536773,453.2694729574846,458.3092041015625,16626500,0.0,0.0,0.003497301834207489,456.16831665039064,446.7172821044922,0.011117105297237544,1
2025-06-03 00:00:00-04:00,457.8131864599202,460.4620419695056,457.2080045237085,459.3013000488281,15743800,0.0,0.0,0.00216468693708749,456.620703125,448.0863098144531,0.00463532194879757,1
2025-06-04 00:00:00-04:00,460.3231275179124,461.9997378828715,459.35088242690273,460.1941528320313,14162700,0.0,0.0,0.0019439369823430752,457.9123840332031,449.64158782958987,0.0007696319053579065,1
2025-06-05 00:00:00-04:00,461.2755213187348,465.9283588981049,460.3528981592645,463.9739685058594,20131700,0.0,0.0,0.00821352390195984,459.6981140136719,451.38387603759764,0.002532906738466494,1
2025-06-06 00:00:00-04:00,466.3648774509946,469.58912358157227,465.0652606634985,466.652587890625,15285600,0.0,0.0,0.005773210495820802,461.6862426757813,453.0214447021484,0.0026570293788674396,1
2025-06-09 00:00:00-04:00,465.9779957450024,469.6784189466736,464.906536971708,469.0038146972656,16469900,0.0,0.0,0.005038495162469125,463.8251647949219,454.74884643554685,0.0026271701973036446,0
2025-06-10 00:00:00-04:00,467.45617352695865,469.0534009468453,463.25968221899245,467.1883239746094,15375900,0.0,0.0,-0.0038709508659926506,465.40256958007814,455.8641021728516,0.004649508671700973,1
2025-06-11 00:00:00-04:00,466.29544434484353,471.7022694228479,465.9383115986028,468.8748474121094,16399200,0.0,0.0,0.003609943465949339,467.1387084960937,457.06962432861326,0.004576437304227768,1
2025-06-12 00:00:00-04:00,471.2557893550323,476.6130223697302,469.7676758011157,475.0752868652344,18950600,0.0,0.0,0.013224082049501096,469.3589721679688,458.397021484375,0.006094273042807578,0
2025-06-13 00:00:00-04:00,472.63478039747713,475.38281914376,469.0137102048777,471.1962585449219,16814500,0.0,0.0,-0.008165081256716444,470.2677062988281,459.47987213134763,0.008300541887399093,1
2025-06-16 00:00:00-04:00,471.4442896166044,476.8808754060361,471.2359621947383,475.3431701660156,15626100,0.0,0.0,0.008800816105585474,471.53557739257815,460.71351928710936,0.008803829998713288,0
2025-06-17 00:00:00-04:00,471.63279762120845,474.9463269378011,470.3232503868908,474.25189208984375,15414100,0.0,0.0,-0.002295768919517105,472.948291015625,461.6644256591797,0.008533046138262076,1
2025-06-18 00:00:00-04:00,474.2122082515913,477.1884355000323,470.7002516212213,476.4344482421875,17526500,0.0,0.0,0.004602103204535579,474.4602111816406,462.7591796875,0.008561254027962775,0
2025-06-20 00:00:00-04:00,478.4086860483398,479.62891980922967,473.0911444380428,473.616943359375,37576200,0.0,0.0,-0.005913730405531559,474.1685424804688,463.99084014892577,0.00713755697099442,1
2025-06-23 00:00:00-04:00,474.4205253141637,483.884936234588,468.7657118311512,482.1488037109375,24864000,0.0,0.0,0.018014263364494187,476.3590515136719,465.53550109863284,0.009429618915222227,1
2025-06-24 00:00:00-04:00,485.0754151445847,487.9524285572733,482.9424282150726,486.2261962890625,22305600,0.0,0.0,0.008456709934241635,478.53565673828126,467.516178894043,0.009392857809882414,1
2025-06-25 00:00:00-04:00,488.1409520653471,490.6409720128423,485.5119574284625,488.3691101074219,17495100,0.0,0.0,0.004407236456436037,481.3591003417969,469.082666015625,0.00861348305112578,1
2025-06-26 00:00:00-04:00,489.0735074056833,494.0934082095605,488.9048412091741,493.5080871582031,21578900,0.0,0.0,0.010522731565988819,484.773828125,471.0712829589844,0.00879325053471831,0
2025-06-27 00:00:00-04:00,493.6072370605504,495.3433694815111,489.1230659353951,492.010009765625,34539200,0.0,0.0,-0.003035568071851902,488.45244140625,472.91951751708984,0.00776233761307036,1
2025-06-30 00:00:00-04:00,493.101351114434,496.7918742042072,491.4048797426009,493.4684143066406,28369000,0.0,0.0,0.0029641765656562846,490.71636352539065,474.757341003418,0.005266594143334694,0
2025-07-01 00:00:00-04:00,492.53583641461546,494.10330273882704,487.0893503724631,488.1508483886719,19945400,0.0,0.0,-0.010775899254748311,491.1012939453125,476.2494232177734,0.00807680294188599,0
2025-07-02 00:00:00-04:00,486.107196925814,489.5893925672679,484.82744098086494,487.198486328125,16319600,0.0,0.0,-0.001950958527861868,490.86716918945314,477.64428253173827,0.007867965804222249,1
2025-07-03 00:00:00-04:00,489.8969147231798,496.1668406146565,489.5298515465148,494.8870544433594,13984800,0.0,0.0,0.015781182271687566,491.14296264648436,479.37892761230466,0.009813172221729694,0
2025-07-07 00:00:00-04:00,493.4386378219278,494.7977767455099,491.3056810299541,493.7759399414063,13981600,0.0,0.0,-0.0022451880524594348,491.49614868164065,480.86902618408203,0.009746173501929046,0
2025-07-08 00:00:00-04:00,493.2997134401056,494.2521279146218,490.1945116420166,492.68463134765625,11846600,0.0,0.0,-0.002210129140515771,491.3393920898437,482.1706283569336,0.009727601733155223,1
2025-07-09 00:00:00-04:00,496.3354652236218,502.76412671878114,495.77990524850594,499.5200500488281,18659500,0.0,0.0,0.013873821642202966,493.613232421875,483.6964401245117,0.0093161116851277,0
2025-07-10 00:00:00-04:00,499.06366987607214,500.4426696344743,493.8056807647675,497.5061340332031,16492100,0.0,0.0,-0.004031702061665254,495.6747619628906,485.2123306274414,0.009722295095137475,1
2025-07-11 00:00:00-04:00,494.5200000462786,501.0280145407016,493.85529597280816,499.3315734863281,16459500,0.0,0.0,0.0036691797914660818,496.56366577148435,486.7351669311523,0.00734376957663921,0
2025-07-14 00:00:00-04:00,497.5458219138798,499.9764196247383,497.0597144820079,499.033935546875,12058800,0.0,0.0,-0.0005960727405539545,497.6152648925781,487.9330993652344,0.007150534593432641,1
2025-07-15 00:00:00-04:00,499.03393728805895,504.2720960834484,498.8057792400165,501.811767578125,14927200,0.0,0.0,0.005566419101750819,499.44069213867186,489.46387481689453,0.006804897268560724,0
2025-07-16 00:00:00-04:00,501.1768265275145,502.70463167926073,497.9129190668174,501.61334228515625,15154400,0.0,0.0,-0.0003954177757257149,499.8593505859375,490.7773834228516,0.0037968838541914667,1
2025-07-17 00:00:00-04:00,501.67285674255714,509.3019216630888,501.6133346197656,507.6451721191406,17503100,0.0,0.0,0.012024859240198138,501.887158203125,492.4470474243164,0.005181471556940034,0
2025-07-18 00:00:00-04:00,510.4031281876361,510.56189422136015,503.4090060452402,506.00823974609375,21209700,0.0,0.0,-0.0032245601119648137,503.2224914550781,493.92573699951174,0.006138248201427109,1
2025-07-21 00:00:00-04:00,502.69469811942383,508.03210080948105,501.54388660874696,506.0181579589844,14066800,0.0,0.0,1.9600892063653674e-05,504.6193359375,495.54579772949216,0.00606192470660963,0
2025-07-22 00:00:00-04:00,506.9209264172623,507.1491147296819,501.2660827636719,501.2660827636719,13868600,0.0,0.0,-0.00939111595220199,504.51019897460935,496.5016616821289,0.007796761342976664,1
2025-07-23 00:00:00-04:00,502.7343595827018,502.7740510878013,496.7323137246232,501.861328125,16396600,0.0,0.0,0.001187483817070456,504.55979614257814,497.2834182739258,0.00781860971144285,1
2025-07-24 00:00:00-04:00,504.7383694588984,509.5995345886751,503.28001689239056,506.8316650390625,16107000,0.0,0.0,0.009903805365183427,504.3970947265625,498.2065460205078,0.0070291150454829514,1
2025-07-25 00:00:00-04:00,508.4089964805577,514.1828842249572,506.3157313206406,509.6392211914063,19125700,0.0,0.0,0.005539425308257684,505.123291015625,499.01310272216796,0.007208241099978786,0
2025-07-28 00:00:00-04:00,510.0063088656235,510.91900158393673,506.07766717141,508.4388122558594,14308000,0.0,0.0,-0.00235540924958777,505.607421875,499.8345428466797,0.007401869051667637,1
2025-07-29 00:00:00-04:00,511.4448055642593,513.5182098314434,507.5062336187249,508.50823974609375,16469200,0.0,0.0,0.0001365503351844488,507.05585327148435,500.58653411865237,0.0048530143666274455,1
2025-07-30 00:00:00-04:00,511.08764202727673,511.86149016920456,505.4030674134904,509.1729431152344,26380400,0.0,0.0,0.0013071634187726833,508.51817626953124,501.6376388549805,0.004842849508886133,1
2025-07-31 00:00:00-04:00,550.8301860551579,551.0484742016899,527.6851029610986,529.2723999023438,51617300,0.0,0.0,0.03947471494486021,513.0063232421875,503.74133453369143,0.017372453057475465,0
2025-08-01 00:00:00-04:00,530.7605061500977,531.5541546097426,516.7325410439772,519.956787109375,28977600,0.0,0.0,-0.017600790811475475,515.0698364257812,504.9948211669922,0.021139023311197797,1
2025-08-04 00:00:00-04:00,524.0839138486996,533.9848111754816,523.9450087012631,531.3955078125,25349000,0.0,0.0,0.02199936799886193,519.6611755371093,506.87579956054685,0.02203981775795805,0
2025-08-05 00:00:00-04:00,532.9231983823397,533.0422426180032,523.0619638515897,523.5679321289062,19171600,0.0,0.0,-0.014730225544841602,522.6731140136719,508.4199645996094,0.0244195519452963,0
2025-08-06 00:00:00-04:00,526.6930670104376,527.486715540996,519.8775111011839,520.7802734375,21355700,0.0,0.0,-0.005324349564480024,524.994580078125,509.482975769043,0.024919245254821063,0
2025-08-07 00:00:00-04:00,522.6255013664995,523.9053178574718,513.4488005319126,516.7127685546875,16079100,0.0,0.0,-0.007810405060015513,522.4826538085938,510.4433074951172,0.015731785386953134,1
2025-08-08 00:00:00-04:00,518.4586971346826,520.5023704990598,515.2939734705193,517.9031372070312,15531000,0.0,0.0,0.002303733766195526,522.071923828125,511.3718856811523,0.014080772849436252,0
2025-08-11 00:00:00-04:00,518.161083532538,523.4092023083725,515.6015114818953,517.6353149414062,20194400,0.0,0.0,-0.0005171281005735828,519.3198852539062,512.3019546508789,0.006631156714233708,1
2025-08-12 00:00:00-04:00,519.5996565820958,526.7723446368122,518.5579891899393,525.046142578125,18667000,0.0,0.0,0.014316696374468973,519.61552734375,513.4636734008789,0.008633236307306972,0
2025-08-13 00:00:00-04:00,527.8934364066101,528.4787877679453,515.2544004746543,516.454833984375,19619200,0.0,0.0,-0.01636295917072017,518.750439453125,514.2057479858398,0.01147024503976095,1
2025-08-14 00:00:00-04:00,518.4191046945965,521.7822560401938,516.0182983192124,518.3397216796875,20269100,0.0,0.0,0.0036496660913614143,519.075830078125,514.7404754638671,0.01106018161092943,0
2025-08-15 00:00:00-04:00,518.6274679925785,521.9310366989816,514.9667059909838,516.0480346679688,25213300,0.0,0.0,-0.004421206625439544,518.7048095703125,515.242465209961,0.01122078903695381,0
2025-08-18 00:00:00-04:00,517.4568516493948,518.6770855269226,509.94683045407294,513.0023803710938,23760600,0.0,0.0,-0.005901881399150377,517.77822265625,515.5916763305664,0.011458697375770795,0
2025-08-19 00:00:00-04:00,510.9189744125155,511.0776798784135,504.5200741760794,505.73040771484375,21481000,0.0,0.0,-0.014175319519939888,513.9150756835937,515.814892578125,0.008053622140123727,0
2025-08-20 00:00:00-04:00,505.8296940515637,506.9507445735079,500.4427296092623,501.7125854492188,27723000,0.0,0.0,-0.007944593017017887,510.96662597656257,515.8074554443359,0.006440969538216598,0
2025-08-21 00:00:00-04:00,500.5200628741361,504.435269171935,499.5561662916726,501.0665893554688,18443300,0.83,0.0,-0.001287581999107279,507.5119995117187,515.5192016601562,0.0048099620892762636,1
2025-08-22 00:00:00-04:00,501.0765850227361,507.5158151187978,499.2481684011306,504.037841796875,24324200,0.0,0.0,0.005929855441425769,505.1099609375,515.2391326904296,0.007523116093162493,0
2025-08-25 00:00:00-04:00,503.44159720621536,504.9917771303553,500.9473838488724,501.0865173339844,21638600,0.0,0.0,-0.0058553628679332,502.72678833007814,514.8715179443359,0.007521249445025068,0
2025-08-26 00:00:00-04:00,501.1858695359189,501.801993130018,495.3727099158942,498.8804931640625,30835700,0.0,0.0,-0.004402481594713348,501.3568054199219,514.3901306152344,0.005404376003057541,1
2025-08-27 00:00:00-04:00,498.8407434548062,504.09746017877256,496.75395340313815,503.5509033203125,17277900,0.0,0.0,0.009361781469202635,501.72446899414064,514.1090286254882,0.006620504233048417,1
2025-08-28 00:00:00-04:00,503.8987080370186,507.8735346885091,502.3187180821136,506.43267822265625,18015600,0.0,0.0,0.0057229068269799566,502.7976867675781,512.9670425415039,0.006820623194257533,0
2025-08-29 00:00:00-04:00,505.4588240002719,506.39291066950057,501.3150539612025,503.501220703125,20961600,0.0,0.0,-0.005788444635562051,502.69036254882815,512.1442642211914,0.007200397374673793,0
2025-09-02 00:00:00-04:00,497.32034095368414,502.81553721257154,493.6833711758906,501.9410705566406,18128000,0.0,0.0,-0.003098602510448023,502.86127319335935,510.6715423583984,0.006749803113239693,1
2025-09-03 00:00:00-04:00,500.6194673133705,504.5942937991858,499.1587173668126,502.1696472167969,16345100,0.0,0.0,0.000455385449735779,503.51910400390625,509.601628112793,0.006222074954630009,1
2025-09-04 00:00:00-04:00,501.1262461318779,504.95202275876863,499.983489561643,504.7731628417969,15509500,0.0,0.0,0.005184534030341359,503.7635559082031,508.8012725830078,0.005042815778306808,0
2025-09-05 00:00:00-04:00,505.8662561110588,508.7479993566889,489.27134277765646,491.8847961425781,31994800,0.0,0.0,-0.02553298718707464,500.8539794921875,507.5598739624023,0.011794793664379823,1
2025-09-08 00:00:00-04:00,494.97517595073856,498.0457560062632,491.91457299081776,495.0646362304688,16771000,0.0,0.0,0.006464603323435458,499.1666625976562,506.4179489135742,0.012997921462086046,1
2025-09-09 00:00:00-04:00,498.2742984765216,499.0891451753406,494.5677922273047,495.2733154296875,14410500,0.0,0.0,0.00042151909861232184,497.83311157226564,505.29984893798826,0.013106800268044541,1
2025-09-10 00:00:00-04:00,499.8145678368591,500.06299449245154,493.5939546766565,497.2209777832031,21611800,0.0,0.0,0.003932500081951451,496.8433776855469,503.90859069824216,0.013398531866659348,1
2025-09-11 00:00:00-04:00,499.0891506177463,500.0033740526988,494.7466575341409,497.8569641113281,18881600,0.0,0.0,0.0012790818500065804,495.46013793945315,502.9786972045898,0.012989432738651831,1
2025-09-12 00:00:00-04:00,503.4614629424367,509.3243260516039,500.67909648146514,506.6910095214844,23624900,0.0,0.0,0.017744143492950837,498.4213806152344,502.39626159667966,0.006996728404541665,1
2025-09-15 00:00:00-04:00,505.5880086221314,512.2259313574772,503.80926524972944,512.1166381835938,17143800,0.0,0.0,0.010707963157335909,501.8317810058594,502.19969177246094,0.007321767415930414,0
2025-09-16 00:00:00-04:00,513.6270820344445,513.9748550906477,505.3991924428879,505.83642578125,19711900,0.0,0.0,-0.012263246171065223,503.94440307617185,501.8413940429688,0.011240630877803987,1
2025-09-17 00:00:00-04:00,507.4064717390096,508.07226852063866,502.74598524416496,506.8102416992188,15816600,0.0,0.0,0.001925159732150128,505.862255859375,501.8953857421876,0.011291878926801132,0
2025-09-18 00:00:00-04:00,508.270998935228,509.8410724066984,504.4651158521554,505.2501525878906,18913700,0.0,0.0,-0.0030782509566057437,507.3408935546875,502.0722640991212,0.0117033041003285,1
2025-09-19 00:00:00-04:00,507.34685812925306,516.0318444319288,507.09843147001845,514.6704711914062,52474100,0.0,0.0,0.018644860482010195,508.93678588867186,502.752458190918,0.011990267451258602,0
2025-09-22 00:00:00-04:00,512.3452424901319,514.48167541423,509.3143886623668,511.21240234375,20009300,0.0,0.0,-0.006718996020213086,508.7559387207031,503.1111862182617,0.011788771178523184,0
2025-09-23 00:00:00-04:00,510.5664850795932,511.35155218118825,504.1173383670773,506.0252685546875,19799600,0.0,0.0,-0.0101467291585281,508.7937072753906,503.3581237792969,0.011278689254942298,1
2025-09-24 00:00:00-04:00,507.1679860456216,509.2547456727144,503.72976965544393,506.9394226074219,13533700,0.0,0.0,0.001806538348065878,508.8195434570313,503.76107025146484,0.011274080414012063,0
2025-09-25 00:00:00-04:00,505.10107733704126,506.8003375404676,501.8616142840625,503.8390808105469,15786500,0.0,0.0,-0.006115803306297463,508.5373291015625,503.7754791259766,0.011566310585056472,1
2025-09-26 00:00:00-04:00,506.8499667801191,510.7055530942258,503.4316137794998,508.24114990234375,16213100,0.0,0.0,0.008737053673397277,507.25146484375,503.86590270996095,0.007651197703921147,1
2025-09-29 00:00:00-04:00,508.28092297827857,513.5972289973041,505.67741655332713,511.36138916015625,17617800,0.0,0.0,0.0061392889151381524,507.28126220703126,504.2589111328125,0.008025185047846174,1
2025-09-30 00:00:00-04:00,510.0099885223437,514.8990082310244,506.45253207823936,514.6903686523438,19728200,0.0,0.0,0.006510032948821021,509.0142822265625,504.89637603759763,0.005889579654103497,1
2025-10-01 00:00:00-04:00,511.56013673304216,517.2342231556227,508.4697238165545,516.4392700195312,22632300,0.0,0.0,0.00339796793121816,510.91425170898435,505.6098571777344,0.005823526896454042,0
2025-10-02 00:00:00-04:00,514.3822683481345,518.3173074331339,507.46604898963056,512.4942016601562,21222900,0.0,0.0,-0.007638978265974594,512.6452758789062,505.9959091186523,0.0064713787111714705,1
2025-10-03 00:00:00-04:00,513.8456285403139,517.2143082734997,511.7588690628015,514.0940551757812,15112300,0.0,0.0,0.003121700714744602,513.8158569335938,507.1063720703125,0.005769062993052159,1
2025-10-06 00:00:00-04:00,515.3461902238155,527.6880704621805,514.9387971845453,525.2435302734375,21388600,0.0,0.0,0.02168761724708901,516.59228515625,508.6153167724609,0.01055617302274075,0
2025-10-07 00:00:00-04:00,524.9652461341774,526.4657528279373,518.1583800775612,520.682373046875,14615200,0.0,0.0,-0.008683890354990176,517.7906860351562,509.8857696533203,0.012218428797684724,1
2025-10-08 00:00:00-04:00,519.9868090400763,523.6336952116123,519.7980023635643,521.546875,13363400,0.0,0.0,0.0016603249848197166,518.81220703125,511.10206451416013,0.012206831807087789,0
2025-10-09 00:00:00-04:00,519.0527457511332,521.0302122328587,514.1438325922749,519.1123657226562,18343600,0.0,0.0,-0.004667862840408654,520.13583984375,512.1648345947266,0.011679442678837818,0
2025-10-10 00:00:00-04:00,516.3697201998212,520.2849266906686,506.4227072751714,507.7443237304688,24133800,0.0,0.0,-0.021899000568714966,518.8658935546875,512.2175003051759,0.015980763103964634,1
2025-10-13 00:00:00-04:00,513.1600441163425,513.1600441163425,508.45983088995337,510.8149108886719,14284200,0.0,0.0,0.006047506618376497,515.9801696777344,512.1524139404297,0.01077464180640115,0
2025-10-14 00:00:00-04:00,507.0188839999062,512.0371200755203,502.8154945413961,510.3378601074219,14684300,0.0,0.0,-0.0009339014407783175,513.9112670898437,512.3774856567383,0.010761090968848716,0
2025-10-15 00:00:00-04:00,511.7191917714538,513.93513816427,506.7903850161382,510.1987915039063,14694700,0.0,0.0,-0.0002725030110176663,511.641650390625,512.5469131469727,0.010541254612038108,0
2025-10-16 00:00:00-04:00,509.3541552294708,513.597241245564,504.93214864922606,508.3902282714844,15559600,0.0,0.0,-0.0035448206905603907,509.4972229003906,512.7039169311523,0.01054462349879922,1
2025-10-17 00:00:00-04:00,505.8364332653001,512.235876086287,504.1173098719632,510.3478698730469,19867800,0.0,0.0,0.0038506672486968707,510.01793212890624,512.4877868652344,0.003860503265276714,1
2025-10-20 00:00:00-04:00,511.37132460679527,515.4356111738924,510.1987581296245,513.53759765625,14665600,0.0,0.0,0.006250105019536267,510.5624694824219,512.6040466308593,0.003926834082481443,1
2025-10-21 00:00:00-04:00,514.2431942660954,515.4257076122852,509.81124074780416,514.4021606445312,15586200,0.0,0.0,0.0016835437020132904,511.3753295898438,513.0228912353516,0.0037640134454277416,1
2025-10-22 00:00:00-04:00,517.870184130928,521.9244631183706,514.4518312300626,517.2639770507812,18962700,0.0,0.0,0.005563383331563365,512.7883666992187,513.5391189575196,0.003941410491270028,1
2025-10-23 00:00:00-04:00,519.1720024577996,520.6526156742948,515.3461954332505,517.283935546875,14023500,0.0,0.0,3.858474005391521e-05,514.5671081542969,514.2113616943359,0.002608731431712457,1
2025-10-24 00:00:00-04:00,519.499850577073,522.0437370421222,517.4329845218087,520.314697265625,15532400,0.0,0.0,0.005858990605509318,516.5604736328125,514.8150390625,0.0028261487360714925,1
2025-10-27 00:00:00-04:00,528.4333612309177,531.2157277722118,525.6807743511338,528.1749877929688,18734700,0.0,0.0,0.015106800881565352,519.4879516601562,515.6557189941407,0.005846003311616304,1
2025-10-28 00:00:00-04:00,546.5385938392855,550.2351530342114,537.3667019364588,538.6585083007812,29986700,0.0,0.0,0.019848574336355673,524.3392211914063,516.8541259765625,0.008008848534610346,0
2025-10-29 00:00:00-04:00,541.5104645203966,542.8321112501552,533.3521116884923,538.1417846679688,36023000,0.0,0.0,-0.0009592786985627155,528.5147827148437,517.9392517089843,0.009207738598687289,0
2025-10-30 00:00:00-04:00,527.1414377363435,531.6031704966998,518.8340654321457,522.451171875,41023100,0.0,0.0,-0.029157023743565658,529.5482299804687,518.4371002197265,0.01926571854459914,0
2025-10-31 00:00:00-04:00,525.5515477587454,525.9887810857076,511.8582417946861,514.5512084960938,34006400,0.0,0.0,-0.015120960204863643,528.3955322265625,518.4599578857421,0.020498375429297572,0
2025-11-03 00:00:00-05:00,516.5385956979154,521.6562086548496,511.3514766558802,513.776123046875,22374700,0.0,0.0,-0.0015063329682659665,525.5157592773437,517.886587524414,0.0182432329577301,0
2025-11-04 00:00:00-05:00,508.5393367379826,512.3054631947169,504.6439932361389,511.0931701660156,20958700,0.0,0.0,-0.005222027183646616,520.0026916503906,517.4071273803711,0.011928423020917948,0
2025-11-05 00:00:00-05:00,510.0695738143288,511.58997398954807,503.3918644042552,503.9682312011719,23024300,0.0,0.0,-0.013940587315086628,513.1679809570312,516.5281951904296,0.010712530894371212,0
2025-11-06 00:00:00-05:00,502.4776836990636,502.5174404542645,492.6896676102462,493.9715576171875,27406500,0.0,0.0,-0.01983592013361246,507.47205810546876,515.2711547851562,0.007535569037286242,0
2025-11-07 00:00:00-05:00,493.8225155697467,496.2372153715257,490.1457889557352,493.6933288574219,24019800,0.0,0.0,-0.0005632485423001654,503.30048217773435,514.5686050415039,0.00837170122151855,1
2025-11-10 00:00:00-05:00,496.8930687697553,503.6602084533397,495.66085193460816,502.8155517578125,26101500,0.0,0.0,0.018477508945690335,501.1083679199219,514.1686370849609,0.014730067311026294,1
2025-11-11 00:00:00-05:00,501.6230817360039,506.3928916321033,499.1885187507047,505.4786682128906,17980000,0.0,0.0,0.005296408286832088,499.9854675292969,513.9256774902344,0.0152910418137702,1
2025-11-12 00:00:00-05:00,506.1543908722183,508.4498810705414,495.9788447581273,507.9232177734375,26574900,0.0,0.0,0.004836108255941829,500.77646484375,513.811898803711,0.013902837508853098,0
2025-11-13 00:00:00-05:00,507.098398329558,510.2683247202687,498.1351759673349,500.1225891113281,25273100,0.0,0.0,-0.015357889517838341,502.0066711425781,513.3985168457032,0.012215140883048254,1
2025-11-14 00:00:00-05:00,495.0944921195485,508.3803456334317,494.3094553479901,506.9692687988281,28505700,0.0,0.0,0.013690002884424679,504.6618591308594,513.2295867919922,0.0129514806184737,0
2025-11-17 00:00:00-05:00,505.2501533046029,508.8970396915909,501.73242330739504,504.2961730957031,19092800,0.0,0.0,-0.005272697710964613,504.9579833984375,512.7675155639648,0.01118575531804937,0
2025-11-18 00:00:00-05:00,492.2524466910109,499.8145698875434,483.7165104088928,490.6824035644531,33815100,0.0,0.0,-0.026995583662036693,501.99873046875,511.58152770996094,0.01607691726816655,0
2025-11-19 00:00:00-05:00,487.0156390818261,492.0736023312663,479.79137227085766,484.0543823242188,23245300,0.0,0.0,-0.013507762234974297,497.22496337890624,509.9210479736328,0.015100647047970789,0
2025-11-20 00:00:00-05:00,490.5255566668064,491.3817596467919,473.39186588492817,476.3088684082031,26802500,0.91,0.0,-0.016001330013427628,492.46221923828125,507.8722946166992,0.015165769147135964,0
2025-11-21 00:00:00-05:00,476.3785437287191,476.796695003642,466.19388806310616,470.0268249511719,31769200,0.0,0.0,-0.013189012159327329,485.07373046875,505.35790100097654,0.007826610433870344,1
2025-11-24 00:00:00-05:00,472.8940955697233,474.7856658755464,465.9450303435204,471.8985290527344,34421000,0.0,0.0,0.0039821218751865395,478.5942016601563,502.54407806396483,0.011107082088334972,1
2025-11-25 00:00:00-05:00,471.9681767111092,477.0256407210385,462.8288843313517,474.8752136230469,28019800,0.0,0.0,0.0063078911822160855,475.432763671875,499.35491333007815,0.010700959692188807,1
2025-11-26 00:00:00-05:00,484.1539100429923,486.1450429108074,479.0665801492176,483.3475036621094,25709100,0.0,0.0,0.017841087081432283,475.2913879394531,496.61519927978514,0.01417497248007019,1
2025-11-28 00:00:00-05:00,485.4382224868377,490.4459206738112,484.4924221764412,489.8286743164063,14386700,0.0,0.0,0.013408925473271216,477.99534912109374,494.9840744018555,0.01190529824667852,0
2025-12-01 00:00:00-05:00,486.2744758383938,487.68816317334665,482.5012705124726,484.5820007324219,23964000,0.0,0.0,-0.010711242234453855,480.90638427734376,493.48561401367186,0.010936160085770707,1
2025-12-02 00:00:00-05:00,484.56211884124775,491.312058367048,484.1638983253085,487.82757568359375,19562700,0.0,0.0,0.006697679538790746,484.0921936035156,492.1881866455078,0.01086782199882676,0
2025-12-03 00:00:00-05:00,474.2082166599713,482.0930858950488,473.0931871020635,475.6119689941406,34615100,0.0,0.0,-0.025040828559835693,484.2395446777344,490.41412658691405,0.017914883731060437,1
2025-12-04 00:00:00-05:00,477.6329620200481,479.186043226252,474.3774403367437,478.7081604003906,22318200,0.0,0.0,0.006509910616417036,483.3116760253906,489.151123046875,0.015748962357220044,1
2025-12-05 00:00:00-05:00,480.3807061976695,481.2568095233099,476.7568601661199,481.0178833007813,22608700,0.0,0.0,0.004824908141233264,481.5495178222656,488.50343933105466,0.01404897452909237,1
2025-12-08 00:00:00-05:00,482.74025101921535,490.1173719905148,482.2325023858298,488.8430480957031,21965900,0.0,0.0,0.016267929045017837,482.4017272949219,488.26092529296875,0.015692818122208848,1
2025-12-09 00:00:00-05:00,486.931555516862,489.93815525049575,486.3342095719457,489.8385925292969,14696100,0.0,0.0,0.0020365318428314794,482.8039306640625,487.612077331543,0.015469854529465645,0
2025-12-10 00:00:00-05:00,481.88401246545567,482.10303829287767,472.973680864489,476.4382629394531,35756200,0.0,0.0,-0.0273566227614912,482.969189453125,486.1600570678711,0.0164453211932011,1
2025-12-11 00:00:00-05:00,474.5168367702029,483.8751552220924,473.750231167373,481.3265075683594,24669200,0.0,0.0,0.010259974920459936,483.49285888671875,484.83022155761716,0.016870431716678104,0
2025-12-12 00:00:00-05:00,477.6927059881058,480.31105063829824,474.2281237707076,476.4084167480469,21248100,0.0,0.0,-0.010217785106327315,482.5709655761719,483.64451293945314,0.01739692562509296,0
2025-12-15 00:00:00-05:00,477.97146396596463,478.588710310573,470.4250531780871,472.7148742675781,23727700,0.0,0.0,-0.007752890903315213,479.3453308105469,481.9317932128906,0.014178356409811728,1
2025-12-16 00:00:00-05:00,469.8177748762136,475.7712732838117,468.79234263095657,474.2779235839844,20705600,0.0,0.0,0.0033065371992535564,476.2331970214844,480.4308807373047,0.014381811591620153,0
2025-12-17 00:00:00-05:00,474.7956002423544,477.8718969329872,472.8940646732686,474.0090942382813,24527200,0.0,0.0,-0.0005668181720784871,475.74736328125,479.5972152709961,0.008307976194061132,1
2025-12-18 00:00:00-05:00,476.0699208090834,487.4293375934554,475.7712630284666,481.8342590332031,28573500,0.0,0.0,0.01650846975308906,475.8489135742187,479.4862091064453,0.010582628297602578,1
2025-12-19 00:00:00-05:00,485.1992432324443,485.6870914455969,480.3508395546156,483.7656555175781,70836100,0.0,0.0,0.004008424988813264,477.320361328125,479.8590484619141,0.008830143662320598,0
2025-12-22 00:00:00-05:00,483.9647726311972,486.5632169440421,480.5499868948874,482.7701110839844,16963000,0.0,0.0,-0.0020579063896725147,479.33140869140624,480.4962127685547,0.007317948062246925,1
2025-12-23 00:00:00-05:00,482.829854335465,485.66719456773416,482.5908977144131,484.6915588378906,14683600,0.0,0.0,0.003980047044735091,481.4141357421875,481.1358642578125,0.007302658817859329,1
2025-12-24 00:00:00-05:00,483.5267014178325,486.9912835675863,482.680463867149,485.8563232421875,5855900,0.0,0.0,0.002403104372375564,483.78358154296876,481.6849197387695,0.0069105232549207295,0
2025-12-26 00:00:00-05:00,484.5521629916047,485.9559154032999,483.8054881161676,485.5477294921875,8842200,0.0,0.0,-0.000635154335217325,484.5262756347656,481.79493103027346,0.0027598970539566186,0
2025-12-29 00:00:00-05:00,482.7103401528056,486.1848877649252,482.0333622504328,484.9404296875,10893400,0.0,0.0,-0.0012507520225100155,484.76123046875,481.55051879882814,0.0025801352112699545,1
2025-12-30 00:00:00-05:00,483.7756098381124,487.5089841188462,483.3475235456682,485.3187561035156,13944500,0.0,0.0,0.0007801502882722744,485.2709594726563,481.5873565673828,0.0021576573462551043,0
2025-12-31 00:00:00-05:00,485.6771523949816,485.9758405710775,481.1572720274455,481.4758605957031,15601600,0.0,0.0,-0.007918291760792395,484.62781982421876,481.26977081298827,0.003945988871713488,0
2026-01-02 00:00:00-05:00,482.24244872265706,482.5112407273309,468.07552715971417,470.84320068359375,25571600,0.0,0.0,-0.022083474546271464,481.6251953125,481.0313323974609,0.009479188241713767,0
2026-01-05 00:00:00-05:00,471.9582279694173,473.95932625248497,467.41844739653146,470.7536010742188,25250300,0.0,0.0,-0.00019029606723608428,478.66636962890624,480.6336044311523,0.009546578262466118,1
2026-01-06 00:00:00-05:00,471.69937935780575,476.617480129593,467.6673473241013,476.3885192871094,23037700,0.0,0.0,0.011969994918853866,476.95598754882815,480.4021362304687,0.012584322816250656,1
2026-01-07 00:00:00-05:00,477.63296458601815,487.5288974221053,475.8309917616744,481.3265075683594,25564200,0.0,0.0,0.010365464492384069,476.15753784179685,480.02630920410155,0.014042736516741337,0
2026-01-08 00:00:00-05:00,479.1063927688648,480.5201105081445,473.7502403609407,475.9902648925781,18162600,0.0,0.0,-0.011086533967845869,475.0604187011719,479.3338928222656,0.014465834631507486,1
2026-01-09 00:00:00-05:00,471.9582322108041,477.6927047258898,470.106493184136,477.1550903320313,18491000,0.0,0.0,0.0024471623168933476,476.3227966308594,479.3697341918945,0.009262537477220861,0
2026-01-12 00:00:00-05:00,474.5566738594685,478.8574978399144,473.57104241242143,475.06439208984375,23519900,0.0,0.0,-0.004381590565727289,477.18495483398436,479.05662841796874,0.009765626395857445,0
2026-01-13 00:00:00-05:00,472.57548334410274,473.6706125344443,463.88420753037366,468.5832824707031,28545800,0.0,0.0,-0.013642591882396693,475.6239074707031,478.6653717041016,0.009855655700637712,0
2026-01-14 00:00:00-05:00,464.3919508718589,466.12425727832346,455.1431597671445,457.3433532714844,28184300,0.0,0.0,-0.023987046955567637,470.8272766113281,477.89679565429685,0.00995615679102627,0
2026-01-15 00:00:00-05:00,462.06232415810086,462.191752665677,453.8787662235596,454.6354064941406,23225800,0.0,0.0,-0.005921036695894166,466.5563049316406,476.9146697998047,0.010099076895177132,1
2026-01-16 00:00:00-05:00,455.8001987238622,461.13645097900303,454.4562082505655,457.8211975097656,34246700,0.0,0.0,0.00700735351914572,462.6895263671875,476.1052749633789,0.011509659592674661,0
2026-01-20 00:00:00-05:00,449.2194951600843,454.77474258752966,447.28809381488645,452.5048522949219,26130000,0.0,0.0,-0.011612274057560046,458.1776184082031,474.63880462646483,0.011365661397245607,0
2026-01-21 00:00:00-05:00,450.5933708341933,450.6829681667298,436.7350728053031,442.1409912109375,37980500,0.0,0.0,-0.022903314807395048,452.88916015625,472.5575714111328,0.012841535159982431,1
2026-01-22 00:00:00-05:00,445.6354487179439,450.8323067932568,442.7284117030413,449.1398620605469,25349400,0.0,0.0,0.01582950006612327,451.2484619140625,470.8760589599609,0.015265902319187083,1
2026-01-23 00:00:00-05:00,449.8665935761158,469.0113467802032,448.5325382185013,463.8841857910156,38000200,0.0,0.0,0.03282791169509047,453.0982177734375,469.8356903076172,0.022064094516266033,1
2026-01-26 00:00:00-05:00,463.2470104625561,472.1473767264207,459.9516880286902,468.1949768066406,29291200,0.0,0.0,0.009292817361890027,455.1729736328125,468.95262298583987,0.022159487687411994,1
2026-01-27 00:00:00-05:00,471.59986874099184,480.7291966391232,471.06225431764057,478.4493408203125,29213900,0.0,0.0,0.021901909507044515,460.36187133789065,468.5977035522461,0.021037009503419867,1
2026-01-28 00:00:00-05:00,481.0676409982362,481.5952899852128,475.8807484603396,479.4946594238281,36875400,0.0,0.0,0.0021848051911272925,467.8326049804688,468.3254150390625,0.01175857449477209,0
2026-01-29 00:00:00-05:00,438.0392806211351,440.5381621786467,419.1533835040837,431.57806396484375,128855300,0.0,0.0,-0.0999314476548332,464.32024536132815,465.6383804321289,0.05340254628092554,0
2026-01-30 00:00:00-05:00,437.2229285851671,437.65101486434605,424.5593222020372,428.3822937011719,58566800,0.0,0.0,-0.007404848694840482,457.21986694335936,462.9837020874023,0.048780192922039826,0
2026-02-02 00:00:00-05:00,428.332517897532,428.8303011436502,420.3779513468908,421.4929809570313,42219900,0.0,0.0,-0.016082160363393494,447.8794677734375,460.51619110107424,0.046933117081580183,0
2026-02-03 00:00:00-05:00,420.1390072256922,420.178808008447,406.7486263222299,409.3868713378906,61424100,0.0,0.0,-0.028721972051949374,434.0669738769531,457.44785461425784,0.040719003980105535,1
2026-02-04 00:00:00-05:00,409.17783910585314,417.938812315792,407.4256323109538,412.3536987304688,45012400,0.0,0.0,0.007247001797792141,420.63878173828124,454.2461135864258,0.041768443753888364,0
2026-02-05 00:00:00-05:00,405.6335909812077,406.4897635323938,390.5806313349955,391.9246520996094,66289200,0.0,0.0,-0.04954253276678544,412.7080993652344,449.7760208129883,0.02155910696226141,1
2026-02-06 00:00:00-05:00,397.4002746193236,400.0086538663787,391.1779842848308,399.3615417480469,53515300,0.0,0.0,0.018975304586217767,406.90394897460936,445.94458465576173,0.027488387003973443,1
2026-02-09 00:00:00-05:00,403.0550898097971,413.0505856348112,399.0927243377603,411.7662963867188,45480500,0.0,0.0,0.031061465218646278,404.9586120605469,442.6751449584961,0.033796345360742164,0
2026-02-10 00:00:00-05:00,417.75959730190846,421.801594739736,410.8702943432265,411.437744140625,44857900,0.0,0.0,-0.0007979095156084304,405.3687866210938,439.49381256103516,0.030914612600109113,0
2026-02-11 00:00:00-05:00,414.33481566901673,414.61357304478975,399.2320904458023,402.5771789550781,42491000,0.0,0.0,-0.021535615805142183,403.4134826660156,436.1935073852539,0.03220391227700441,0
2026-02-12 00:00:00-05:00,403.20440420967,404.3990960787573,396.24540458526855,400.0584106445313,40802400,0.0,0.0,-0.006256609768801269,405.040234375,433.3292602539062,0.020835365073879522,0
2026-02-13 00:00:00-05:00,402.65686886295305,403.7420326637702,396.2852191820681,399.5407409667969,34091600,0.0,0.0,-0.001293985238056683,405.07607421875,430.57452697753905,0.019168831241287522,0
2026-02-17 00:00:00-05:00,397.4500470508712,398.7442713079252,392.7808378797226,395.1004943847656,32078800,0.0,0.0,-0.011113376251159934,401.7429138183594,427.43849182128906,0.008552589634896836,1
2026-02-18 00:00:00-05:00,396.3648548030424,400.77520665339193,394.5628820536712,397.8283386230469,23223400,0.0,0.0,0.006904178245914272,399.0210327148437,424.7046661376953,0.010654345017312862,0
2026-02-19 00:00:00-05:00,399.82403795970674,403.5559453902056,395.8127368785549,397.5988464355469,28234000,0.91,0.0,-0.0005768623429248665,398.0253662109375,422.4775588989258,0.006743302782010975,0
2026-02-20 00:00:00-05:00,395.2539159508346,399.2552593187824,394.3059873534157,396.37152099609375,34015200,0.0,0.0,-0.0030868435621884682,397.28798828125,419.8391418457031,0.006440190384525814,0
2026-02-23 00:00:00-05:00,394.14630950985264,394.50551684604494,382.27203437696886,383.6390686035156,43238300,0.0,0.0,-0.03212252071132937,394.10765380859374,415.82688598632814,0.014941266019043267,1
2026-02-24 00:00:00-05:00,383.3098196996745,388.5185091169527,380.8850482189813,388.1593017578125,33884700,0.0,0.0,0.01178251519260276,392.71941528320315,411.8251022338867,0.017100688909548148,1
2026-02-25 00:00:00-05:00,389.68597856263057,400.6023372807383,389.31678308531696,399.7342224121094,43625500,0.0,0.0,0.0298200264733548,393.1005920410156,407.88934631347655,0.022710203924526697,1
2026-02-26 00:00:00-05:00,403.8353349281015,406.6093255926281,397.8782360341113,400.851806640625,34405900,0.0,0.0,0.0027958182358562844,393.7511840820313,403.9572036743164,0.022695680506647553,0
2026-02-27 00:00:00-05:00,390.03523926255787,395.9624042352165,389.0374004516944,391.8912048339844,51367200,0.0,0.0,-0.022353901512221608,392.85512084960936,401.9728607177734,0.025234490406877506,1
2026-03-02 00:00:00-05:00,392.0109241194205,400.3229381169724,389.78576315389057,397.6886291503906,35474900,0.0,0.0,0.014793453501622311,395.6650329589844,400.43817749023435,0.01925496735627741,1
2026-03-03 00:00:00-05:00,392.2903484387299,405.82103971635513,391.8213629990231,403.0570068359375,38199200,0.0,0.0,0.013498946894749508,398.6445739746094,399.51637878417966,0.019368323643817065,1
2026-03-04 00:00:00-05:00,400.4027502952161,410.14166638677375,399.4448336072076,404.32427978515625,35808000,0.0,0.0,0.0031441531290252733,399.5625854492188,399.263249206543,0.014918507247755355,1
2026-03-05 00:00:00-05:00,403.54596943015656,410.7204021828405,403.525993165685,409.79241943359375,39001300,0.0,0.0,0.013524143668401711,401.3507080078125,399.1351852416992,0.01574277187517061,0
2026-03-06 00:00:00-05:00,408.3156433731429,412.1572983375802,407.6271321747383,408.0761413574219,31123900,0.0,0.0,-0.004188164531066962,404.5876953125,399.94275970458983,0.008350401679363144,1
2026-03-09 00:00:00-04:00,404.044890641513,409.3234358422322,402.62794618065146,408.5251770019531,30131900,0.0,0.0,0.0011003722075924038,406.7550048828125,400.4009414672852,0.0078597380996149,0
2026-03-10 00:00:00-04:00,409.1438479339772,409.3134939311744,402.05918625996463,404.8830871582031,31706400,0.0,0.0,-0.008915215141642507,407.12022094726564,400.05678100585936,0.008465633143891283,0
2026-03-11 00:00:00-04:00,404.6934855668013,408.1260534422115,400.7220762180728,404.0049743652344,25512100,0.0,0.0,-0.0021688058128880305,407.0563598632813,399.68514251708984,0.008452143035781696,0
2026-03-12 00:00:00-04:00,403.7555185610488,405.2422886286942,400.8418158660113,400.9914855957031,27263900,0.0,0.0,-0.007459038776109095,405.2961730957031,399.6058578491211,0.0040309684988978365,0
2026-03-13 00:00:00-04:00,400.1333630935344,403.9251383935716,393.3979511212616,394.6951293945313,26848000,0.0,0.0,-0.015701969810700822,402.619970703125,399.3376937866211,0.006478253084674505,1
2026-03-16 00:00:00-04:00,397.209690545171,399.7641553863696,393.9367805641587,399.0856323242188,27733700,0.0,0.0,0.011123782896491852,400.7320617675781,399.3149383544922,0.01003984601128614,0
2026-03-17 00:00:00-04:00,399.4049101655112,403.5259891234105,396.8903674487218,398.5467834472656,26228300,0.0,0.0,-0.0013502086602692476,399.4648010253906,399.4872528076172,0.009798662176586748,0
2026-03-18 00:00:00-04:00,396.271723303423,397.13983817793417,390.1549666521916,390.9432678222656,25908500,0.0,0.0,-0.019078100591435554,396.8524597167969,399.14299926757815,0.012051166490394269,0
2026-03-19 00:00:00-04:00,389.2569126674818,391.6417315076428,386.2234742615233,388.1792297363281,25138800,0.0,0.0,-0.007070176962847952,394.2900085449219,398.67201843261716,0.01204462741175241,0
2026-03-20 00:00:00-04:00,385.95408868282834,386.1636263101853,379.2984903035221,381.0447082519531,50853200,0.0,0.0,-0.018379451907360234,391.55992431640624,397.90567779541016,0.0126071103464068,1
2026-03-23 00:00:00-04:00,383.07032058481127,386.3731646745857,380.85511716508233,382.1722717285156,29680100,0.0,0.0,0.002959136952026542,388.1772521972656,397.8323379516602,0.009923966357169875,0
2026-03-24 00:00:00-04:00,381.53362193174286,381.6434000325674,371.04635704379217,371.9344177246094,42733600,0.0,0.0,-0.026788584000617788,382.8547790527344,397.02109375,0.011657718312845488,0
2026-03-25 00:00:00-04:00,376.10542586510894,376.2451074667104,368.831172255135,370.2381286621094,31181200,0.0,0.0,-0.004560720873527657,378.7137512207031,395.5462890625,0.011781678680459534,0
2026-03-26 00:00:00-04:00,370.01860155518807,373.9101668945663,364.4007640805619,365.1790771484375,36836600,0.0,0.0,-0.01366431796733969,374.113720703125,393.7626525878906,0.011632396244398838,0
2026-03-27 00:00:00-04:00,361.1178497172151,361.6666793192034,355.73951450811694,355.9989318847656,37883400,0.0,0.0,-0.02513874928256188,369.1045654296875,391.96803894042966,0.012873121509300086,1
2026-03-30 00:00:00-04:00,361.1178525849577,364.5703662773937,355.51000344849933,358.1842041015625,44797000,0.0,0.0,0.00613842352061944,364.30695190429685,389.9928176879883,0.013921402846036202,1
2026-03-31 00:00:00-04:00,363.7621155862403,372.0940755014272,362.28533367877645,369.3699951171875,45244400,0.0,0.0,0.031229157756083703,363.7940673828125,388.30846710205077,0.021478012676068376,0
2026-04-01 00:00:00-04:00,372.682807332766,373.1817267376728,367.4042619540212,368.57171630859375,29417200,0.0,0.0,-0.0021611901863888283,363.4607849121094,386.52083892822264,0.021410828835073642,1
2026-04-02 00:00:00-04:00,366.4163701688664,372.83249667260446,363.3629859357669,372.6528625488281,24099100,0.0,0.0,0.011072868751592857,364.9555419921875,384.6638610839844,0.02051092502201055,0
2026-04-06 00:00:00-04:00,372.682794233078,372.9222962461191,368.7014272663852,372.0741271972656,16146600,0.0,0.0,-0.0015530146410365209,368.1705810546875,382.86376037597654,0.013624831699934859,0
2026-04-07 00:00:00-04:00,369.5396147715723,371.645070458656,365.7677853538718,371.48541259765625,21443300,0.0,0.0,-0.0015822508381434508,370.83082275390626,381.0117721557617,0.014435826760928352,1
2026-04-08 00:00:00-04:00,384.148004001906,384.167949815935,370.6073237610428,373.52099609375,33064800,0.0,0.0,0.005479578543501118,371.66102294921876,379.44366760253905,0.005849804464754331,0
2026-04-09 00:00:00-04:00,371.6949574789129,372.6927962909368,366.2567237727329,372.26373291015625,30435300,0.0,0.0,-0.003365977272341003,372.39942626953126,377.85660552978516,0.006096598150547796,0
2026-04-10 00:00:00-04:00,372.17393720824543,374.8281921461914,369.23030048358606,370.0684814453125,28111100,0.0,0.0,-0.005897032858082851,371.88255004882814,376.3104553222656,0.004227063960753594,1
2026-04-13 00:00:00-04:00,372.8025510733858,383.70895264062807,370.2181521550117,383.539306640625,35745800,0.0,0.0,0.03640089840318694,374.1755859375,375.75266418457034,0.017399874831833206,1
2026-04-14 00:00:00-04:00,387.0816509997633,393.8370088930228,385.684652281273,392.2604064941406,37504500,0.0,0.0,0.022738477393367207,378.33058471679686,375.4114028930664,0.018064732404615574,1
2026-04-15 00:00:00-04:00,397.1398382929036,413.47445440771634,395.8725939925935,410.3312683105469,45063400,0.0,0.0,0.046068533854630056,385.69263916015626,376.0006271362305,0.023288374894786423,1
2026-04-16 00:00:00-04:00,418.9525857224824,419.9105328997013,411.2492993874727,419.3517456054688,41642400,0.0,0.0,0.021983402171766864,395.1102416992188,377.4210510253906,0.019621150042087924,1
2026-04-17 00:00:00-04:00,423.9018933176335,430.64726300981,419.78081413338697,421.8762817382813,48568200,0.0,0.0,0.006020092104702002,405.4718017578125,379.1059036254883,0.015287490171398965,0
2026-04-20 00:00:00-04:00,420.2398034863272,422.4150847565369,415.4002792280178,417.1664733886719,27582200,0.0,0.0,-0.011163956243767315,412.1972351074219,380.91199188232423,0.021309782283924963,1
2026-04-21 00:00:00-04:00,419.33177508554746,426.2567789178336,416.2983670043314,423.2433166503906,32048500,0.0,0.0,0.014566950244961241,418.39381713867186,382.96554412841795,0.021084208777435866,1
2026-04-22 00:00:00-04:00,425.2689090952171,432.7626880248645,422.7543663498755,431.984375,29378200,0.0,0.0,0.020652560845584977,422.7244384765625,385.9680419921875,0.013609195317908376,0
2026-04-23 00:00:00-04:00,418.9825380949446,422.7443793162959,410.5208543154444,414.8514709472656,38308000,0.0,0.0,-0.039660934617680055,421.8243835449219,388.19870910644534,0.024260121205904726,1
2026-04-24 00:00:00-04:00,416.0688403922519,424.0316048781353,414.9013556123021,423.7023010253906,27457400,0.0,0.0,0.021334937195510273,422.18958740234376,391.12487030029297,0.026386369313342466,1
2026-04-27 00:00:00-04:00,421.46715688014,426.1869149113369,416.1686352924954,423.9018859863281,30867300,0.0,0.0,0.0004710499812119462,423.536669921875,394.52001800537107,0.02552846383324264,1
2026-04-28 00:00:00-04:00,423.6524179624475,428.99086152362304,420.9881750222059,428.3222961425781,30438100,0.0,0.0,0.010427908679775388,424.5524658203125,398.02692260742185,0.025142980282786616,0
2026-04-29 00:00:00-04:00,423.6623688360089,425.8975483734993,419.38166246548025,423.5426330566406,38288300,0.0,0.0,-0.011159034047451222,422.86411743164064,400.73555450439454,0.02341243295657998,0
2026-04-30 00:00:00-04:00,409.92216255995794,413.5243765293071,397.1498378648014,406.8987121582031,70909400,0.0,0.0,-0.03929691983619443,421.2735656738281,402.651904296875,0.02327287037727848,1
2026-05-01 00:00:00-04:00,411.9078412872606,416.2085240460113,409.5529563541748,413.5443115234375,31372400,0.0,0.0,0.01633231850252348,419.2419677734375,404.6964767456055,0.022003423727456162,0
2026-05-04 00:00:00-04:00,410.6505829404435,419.87060358807366,409.9121615309381,412.72607421875,28066500,0.0,0.0,-0.0019785964451384253,417.0068054199219,406.7290740966797,0.021888002002654124,0
2026-05-05 00:00:00-04:00,414.42242364358015,415.8792597859335,407.916495085617,410.4909362792969,25700900,0.0,0.0,-0.005415548178495877,413.44053344726564,408.6793502807617,0.020149530837056707,1
2026-05-06 00:00:00-04:00,407.1182274562224,417.51572107575487,404.23445872829495,413.0653381347656,30285900,0.0,0.0,0.0062715193636264654,411.34507446289064,410.6565673828125,0.02102099308060747,1
2026-05-07 00:00:00-04:00,419.2020489501835,427.05506598481406,417.8549909144547,419.8606262207031,34942400,0.0,0.0,0.016450879458010714,413.9374572753906,413.03641204833986,0.010117715292489178,0
2026-05-08 00:00:00-04:00,416.48795292910256,417.7252633012779,413.105264767488,414.2228393554688,33383800,0.0,0.0,-0.013427757958591635,414.0731628417969,415.24412994384767,0.011432286545568954,0
2026-05-11 00:00:00-04:00,406.9885016374445,411.79809190456297,404.6236285818644,411.7681579589844,35657900,0.0,0.0,-0.005925992396517588,413.88157958984374,416.65557250976565,0.011767281569418338,0
2026-05-12 00:00:00-04:00,413.5842224333829,414.6020070114768,405.7611701670722,406.8887023925781,38594200,0.0,0.0,-0.01185000702966521,413.1611328125,417.3869873046875,0.012761479515873793,0
2026-05-13 00:00:00-04:00,402.3286237155428,405.4318878236479,400.1633000811369,404.3342590332031,29667100,0.0,0.0,-0.006277990380058274,411.4149169921875,417.08713684082034,0.01201488503989479,1
2026-05-14 00:00:00-04:00,403.6058516736889,410.94993067744383,400.013625877668,408.5451354980469,27077500,0.0,0.0,0.010414344989990054,409.1518188476563,416.5468063354492,0.00944970399627349,1
2026-05-15 00:00:00-04:00,413.3746572242232,427.24464052002446,412.01761111071977,421.0081481933594,50771200,0.0,0.0,0.030505840389261074,410.5088806152344,416.50339965820314,0.017299742660680004,1
2026-05-18 00:00:00-04:00,415.7196062415453,424.2012362508279,414.7117792841577,422.6246643066406,32564100,0.0,0.0,0.00383963141857957,412.6801818847656,416.77630920410155,0.01652114340691359,0
2026-05-19 00:00:00-04:00,428.9708919761278,431.7648588737268,415.58987007798993,416.5178833007813,33018700,0.0,0.0,-0.014449655975185771,414.60601806640625,416.4400375366211,0.017222836051541936,1
2026-05-20 00:00:00-04:00,413.2749005432513,421.18775475321456,410.4110776678385,420.1499938964844,27864000,0.0,0.0,0.008720179231968883,417.7691650390625,415.8483184814453,0.0160776882941802,0
2026-05-21 00:00:00-04:00,424.75,426.3399963378906,415.7099914550781,419.0899963378906,31393500,0.91,0.0,-0.0025229027109182622,419.8781372070313,416.06024475097655,0.01658597521475193,0
2026-05-22 00:00:00-04:00,419.5400085449219,424.3999938964844,416.3299865722656,418.5700073242188,22390300,0.0,0.0,-0.001240757398686676,419.3905090332031,415.80363006591796,0.008675957372843424,0
2026-05-26 00:00:00-04:00,416.4299926757813,419.7699890136719,413.0199890136719,416.0299987792969,30398000,0.0,0.0,-0.006068300404893701,418.0715759277344,415.41003570556643,0.00838348383055804,0
2026-05-27 00:00:00-04:00,411.010009765625,415.9400024414063,409.5799865722656,412.6700134277344,28901500,0.0,0.0,-0.008076305462157207,417.302001953125,414.6274215698242,0.006502169541109832,1
2026-05-28 00:00:00-04:00,412.9800109863281,429.489990234375,412.6700134277344,426.989990234375,47250500,0.0,0.0,0.034700793226276616,418.6700012207031,414.79978942871094,0.017732052567174906,1
2026-05-29 00:00:00-04:00,432.5499877929688,450.3299865722656,432.3599853515625,450.239990234375,79654400,0.0,0.0,0.05445092515456418,424.9,416.9668533325195,0.028214994816461315,1
2026-06-01 00:00:00-04:00,464.8399963378906,466.3200073242188,458.2699890136719,460.5199890136719,53628900,0.0,0.0,0.022832265019252507,433.2899963378906,419.3156372070313,0.02682304441679581,0
2026-06-02 00:00:00-04:00,446.8800048828125,453.5,440.4299926757813,441.30999755859375,37036800,0.0,0.0,-0.04171369737114239,438.34599609375,420.7448333740234,0.03782195672215717,0
2026-06-03 00:00:00-04:00,438.4500122070313,440.3900146484375,424.25,427.3399963378906,39037000,0.0,0.0,-0.03165575513355168,441.2799926757813,421.5872863769531,0.042232285069666864,1
2026-06-04 00:00:00-04:00,435.80999755859375,436.1499938964844,426.4100036621094,428.0499877929688,26899500,0.0,0.0,0.0016614205577818453,441.4919921875,422.3365188598633,0.039448950549928405,0
2026-06-05 00:00:00-04:00,428.3399963378906,429.4700012207031,414.3999938964844,416.6700134277344,34782200,0.0,0.0,-0.026585620113925734,434.7779968261719,422.17698822021487,0.026618147172651884,0
2026-06-08 00:00:00-04:00,414.1400146484375,417.1600036621094,408.55999755859375,411.739990234375,32086700,0.0,0.0,-0.011831960627074034,425.0219970703125,422.05284576416017,0.017074396584224157,0
2026-06-09 00:00:00-04:00,409.0299987792969,411.9800109863281,398.4800109863281,403.4100036621094,35317300,0.0,0.0,-0.020231181740505533,417.44199829101564,421.6349380493164,0.013128391218120327,0
2026-06-10 00:00:00-04:00,398.5499877929688,405.0400085449219,397.1600036621094,397.3599853515625,32576000,0.0,0.0,-0.014997194555478321,411.44599609375,421.15850219726565,0.010576065763311451,0
2026-06-11 00:00:00-04:00,395.2099914550781,396.8500061035156,384.0,390.3399963378906,47224100,0.0,0.0,-0.017666572560045224,403.90399780273435,420.4587890625,0.005601768069380633,1
2026-06-12 00:00:00-04:00,391.4299926757813,391.739990234375,382.2699890136719,390.739990234375,34865800,0.0,0.0,0.0010247320290952544,398.7179931640625,419.5685317993164,0.008303255847968363,1
2026-06-15 00:00:00-04:00,396.7999877929688,401.75,392.8500061035156,399.760009765625,32266400,0.0,0.0,0.023084454513702557,396.3219970703125,418.50612487792966,0.018128309619952626,0
2026-06-16 00:00:00-04:00,395.7900085449219,396.8399963378906,390.6900024414063,393.8299865722656,31506800,0.0,0.0,-0.014833957996038927,394.40599365234374,417.06639099121094,0.017187257700347378,0
2026-06-17 00:00:00-04:00,390.25,390.3699951171875,377.3200073242188,378.9100036621094,41987800,0.0,0.0,-0.03788432424867805,390.71599731445315,415.18599700927734,0.022765273669203664,1
2026-06-18 00:00:00-04:00,377.8200073242188,381.3699951171875,373.2799987792969,379.3999938964844,59714200,0.0,0.0,0.0012931572923366996,388.5279968261719,413.1484970092773,0.02259231399767068,0
2026-06-22 00:00:00-04:00,375.739990234375,381.6300048828125,367.0700073242188,367.3399963378906,45171100,0.0,0.0,-0.03178702623248908,383.847998046875,410.56099700927734,0.02488563684585013,1
2026-06-23 00:00:00-04:00,372.3800048828125,377.2200012207031,370.6700134277344,373.9400024414063,40647600,0.0,0.0,0.01796702283800533,378.6839965820312,408.3294967651367,0.023123495524879845,0
2026-06-24 00:00:00-04:00,371.5700073242188,378.8800048828125,364.7799987792969,365.4599914550781,44509900,0.0,0.0,-0.022677464114465584,373.00999755859374,405.8009963989258,0.023537209408672245,0
2026-06-25 00:00:00-04:00,362.7699890136719,364.2300109863281,349.20001220703125,352.8299865722656,66179000,0.0,0.0,-0.03455919985256439,367.793994140625,402.80899505615236,0.022749271459911694,1
2026-06-26 00:00:00-04:00,357.1499938964844,376.6099853515625,355.42999267578125,372.9700012207031,186201600,0.0,0.0,0.05708135763656941,366.50799560546875,400.1079956054688,0.0395634116095005,0
2026-06-29 00:00:00-04:00,377.5,380.5,359.8999938964844,368.5700073242188,51229900,0.0,0.0,-0.011797179081651232,366.7539978027344,396.0244964599609,0.03681589152323615,1
2026-06-30 00:00:00-04:00,371.0299987792969,374.1499938964844,367.4500122070313,373.0199890136719,44945700,0.0,0.0,0.012073640288203347,366.5699951171875,391.6494964599609,0.03623475662654222,1
2026-07-01 00:00:00-04:00,380.8299865722656,388.8299865722656,374.8900146484375,384.2799987792969,48065800,0.0,0.0,0.030186076074363744,370.33399658203126,388.7979965209961,0.035662618786061036,1
2026-07-02 00:00:00-04:00,384.4800109863281,392.2000122070313,383.7000122070313,390.489990234375,42128900,0.0,0.0,0.01616006941502235,377.8659973144531,386.9554962158203,0.025321296384355187,0
2026-07-06 00:00:00-04:00,387.0400085449219,389.1499938964844,381.2200012207031,386.739990234375,34224500,0.0,0.0,-0.009603319147180267,380.6199951171875,384.88999633789064,0.017856591674212156,1
2026-07-07 00:00:00-04:00,392.489990234375,395.5700073242188,388.2200012207031,388.8399963378906,29297500,0.0,0.0,0.0054300205733650575,384.6739929199219,383.4984954833984,0.014588457846483178,0
2026-07-08 00:00:00-04:00,384.0299987792969,385.30999755859375,381.3299865722656,383.3399963378906,25908300,0.0,0.0,-0.014144635458798516,386.7379943847656,382.07849578857423,0.01828257694571924,1
2026-07-09 00:00:00-04:00,374.4500122070313,384.6499938964844,373.3500061035156,384.3599853515625,31083200,0.0,0.0,0.0026607946559606965,386.7539916992188,381.12599487304686,0.012144511705981662,1
2026-07-10 00:00:00-04:00,387.7999877929688,391.9100036621094,381.5,385.1000061035156,24644600,0.0,0.0,0.0019253324491523838,385.6759948730469,380.5129959106445,0.00858565377933138,1
2026-07-13 00:00:00-04:00,387.75,393.6499938964844,384.1499938964844,390.989990234375,28914900,0.0,0.0,0.015294687191659273,386.5259948730469,380.5454956054688,0.010598740766741702,0
2026-07-14 00:00:00-04:00,382.8200073242188,388.1900024414063,378.6499938964844,384.9299926757813,27863900,0.0,0.0,-0.01549911176744212,385.74399414062503,380.25499572753904,0.012902949231634629,1
2026-07-15 00:00:00-04:00,387.7999877929688,398.9599914550781,386.3999938964844,395.6300048828125,36253700,0.0,0.0,0.027797294081065793,388.2019958496094,380.0484954833984,0.016205929846588574,1
2026-07-16 00:00:00-04:00,398.30999755859375,405.989990234375,392.0499877929688,401.1000061035156,37047400,0.0,0.0,0.013826052506617614,391.55,380.41199645996096,0.016324530882220124,0
2026-07-17 00:00:00-04:00,394.8599853515625,398.3900146484375,389.3900146484375,393.8200073242188,33049800,0.0,0.0,-0.018150083940457473,393.29400024414065,381.1574966430664,0.020366252662321196,1
2026-07-20 00:00:00-04:00,391.4100036621094,403.1799926757813,389.6499938964844,402.2900085449219,27915800,0.0,0.0,0.021507290292973824,395.55400390625,382.30199737548827,0.02134379160196247,0
2026-07-21 00:00:00-04:00,398.80999755859375,401.4700012207031,396.3200073242188,397.75,24126600,0.0,0.0,-0.011285412136739392,398.1180053710938,383.82249755859374,0.020347766420911944,0
2026-07-22 00:00:00-04:00,399.5799865722656,401.0,386.9599914550781,390.3399963378906,28142500,0.0,0.0,-0.018629801790344125,397.06000366210935,384.64249725341796,0.018875634536226635,0
2026-07-23 00:00:00-04:00,389.9700012207031,391.7799987792969,377.3900146484375,381.5799865722656,30351800,0.0,0.0,-0.022441998892785864,393.1559997558594,385.44849700927733,0.017957326584009874,1
2026-07-24 00:00:00-04:00,387.0499877929688,389.0299987792969,380.6499938964844,381.7000122070313,27624500,0.0,0.0,0.0003145490827332065,390.73200073242185,386.8919982910157,0.017707724492041485,0
